node1,node2,weight,time1,time2
19,19,0.9784200000000001,1,2
13,13,0.96262,1,2
19,19,0.9589,2,3
13,13,0.9478700000000001,2,3
19,19,0.93506,3,4
13,13,0.94286,3,4
28,13,0.035713999999999996,4,5
13,13,0.8796299999999999,4,5
19,19,0.91925,4,5
13,76,0.053571,4,5
19,19,0.84916,5,6
76,19,0.11765,5,6
13,13,0.91556,5,6
19,19,0.8617,6,7
19,13,0.011111,6,7
13,13,0.7135699999999999,6,7
19,6,0.053333000000000005,6,7
13,6,0.43787,6,7
19,6,0.035088,7,8
13,6,0.09816,7,8
6,6,0.79699,7,8
19,19,0.86034,7,8
6,19,0.014184,7,8
19,13,0.023256,7,8
13,13,0.87805,7,8
6,6,0.75122,8,9
19,6,0.33803,8,9
13,6,0.058252,8,9
19,13,0.0375,8,9
13,13,0.87582,8,9
19,19,0.57576,8,9
6,6,0.9288700000000001,9,10
6,13,0.0088106,9,10
13,13,0.6092,9,10
19,13,0.54795,9,10
13,40,0.175,9,10
6,6,0.93671,10,11
13,6,0.017778,10,11
40,6,0.06106900000000001,10,11
13,13,0.91346,10,11
6,6,0.92369,11,12
13,6,0.0086207,11,12
6,13,0.0085837,11,12
13,13,0.9537,11,12
13,13,0.8868799999999999,12,13
6,6,0.59783,12,13
6,6,0.60104,12,13
13,6,0.022599,12,13
13,63,0.42953,13,14
6,63,0.019048,13,14
13,13,0.64286,13,14
6,13,0.15385,13,14
6,6,0.53488,13,14
6,6,0.063158,13,14
13,6,0.020513,13,14
6,6,0.14085,13,14
6,6,0.8476799999999999,13,14
63,74,0.22221999999999997,14,15
13,74,0.059405999999999994,14,15
63,6,0.30657,14,15
6,6,0.031495999999999996,14,15
6,6,0.79781,14,15
13,13,0.80435,14,15
6,13,0.23621999999999999,14,15
6,6,0.33333,14,15
6,6,0.043477999999999996,14,15
74,6,0.17240999999999998,15,16
6,6,0.78392,15,16
6,24,0.14815,15,16
6,13,0.019139,15,16
13,13,0.88995,15,16
6,13,0.13559000000000002,15,16
24,13,0.051724,16,17
13,13,0.8940100000000001,16,17
6,6,0.8844200000000001,16,17
6,24,0.12280999999999999,16,17
24,24,0.34783000000000003,16,17
13,58,0.10435,16,17
13,13,0.8909100000000001,17,18
24,13,0.094488,17,18
6,41,0.25861999999999996,17,18
24,41,0.06451599999999999,17,18
6,6,0.82234,17,18
58,6,0.1165,17,18
13,13,0.8959299999999999,18,19
41,13,0.048,18,19
13,6,0.027906999999999998,18,19
6,6,0.94,18,19
41,41,0.52174,18,19
13,69,0.036036,19,20
13,6,0.0093897,19,20
6,6,0.9661799999999999,19,20
41,6,0.018018,19,20
13,13,0.85446,19,20
41,13,0.036036,19,20
13,23,0.10909,20,21
6,13,0.0098522,20,21
13,13,0.83744,20,21
69,6,0.039216,20,21
6,6,0.9411799999999999,20,21
23,6,0.057142999999999985,21,22
13,6,0.010101,21,22
6,6,0.9045200000000001,21,22
13,13,0.8811899999999999,21,22
6,13,0.029557,21,22
23,30,0.22221999999999997,21,22
13,30,0.039216,21,22
6,6,0.88776,22,23
30,6,0.02,22,23
6,13,0.046243,22,23
13,13,0.65537,22,23
13,7,0.51948,22,23
30,7,0.074074,22,23
6,6,0.7362,23,24
7,6,0.017093999999999998,23,24
6,10,0.4,23,24
7,10,0.12766,23,24
6,13,0.022989,23,24
13,13,0.9404,23,24
7,13,0.03125,23,24
13,7,0.050847,23,24
7,7,0.82105,23,24
6,13,0.042857,24,25
13,13,0.91391,24,25
6,7,0.024242,24,25
10,7,0.5493,24,25
13,7,0.056817999999999994,24,25
7,7,0.58741,24,25
6,6,0.77863,24,25
13,6,0.25455,25,26
7,6,0.021053,25,26
6,6,0.8205100000000001,25,26
13,13,0.72593,25,26
7,13,0.075,25,26
7,7,0.8973,25,26
6,6,0.91837,26,27
13,6,0.14458,26,27
13,13,0.78505,26,27
13,7,0.038217,26,27
7,7,0.91209,26,27
13,7,0.057142999999999985,27,28
7,7,0.93684,27,28
6,13,0.039216,27,28
13,13,0.74468,27,28
7,13,0.027777999999999997,27,28
6,6,0.92166,27,28
7,1,0.1165,28,29
7,6,0.01,28,29
6,6,0.91743,28,29
13,27,0.10909,28,29
6,27,0.067227,28,29
7,7,0.7136600000000001,28,29
13,7,0.49723999999999996,28,29
6,7,0.0081633,28,29
1,1,0.30508,29,30
6,1,0.038462,29,30
7,1,0.3388,29,30
6,7,0.0096618,29,30
27,7,0.055555999999999994,29,30
7,7,0.81197,29,30
6,6,0.86154,29,30
6,27,0.087719,29,30
27,27,0.4,29,30
1,1,0.62264,30,31
6,1,0.23448000000000002,30,31
1,7,0.16092,30,31
7,7,0.8533299999999999,30,31
27,7,0.10605999999999999,30,31
6,6,0.7871,30,31
27,6,0.027027,30,31
1,6,0.029851,31,32
7,6,0.15842,31,32
6,6,0.75,31,32
1,1,0.75188,31,32
7,1,0.1791,31,32
6,1,0.05594400000000002,31,32
7,7,0.6911,31,32
6,1,0.0125,32,33
1,1,0.85535,32,33
7,1,0.09396,32,33
6,6,0.8383200000000001,32,33
1,6,0.024096,32,33
7,6,0.025641000000000004,32,33
6,7,0.08,32,33
1,7,0.032257999999999995,32,33
7,7,0.68421,32,33
1,1,0.8387100000000001,33,34
7,1,0.21191999999999997,33,34
6,6,0.8913,33,34
7,6,0.084507,33,34
7,7,0.47618999999999995,33,34
1,1,0.86364,34,35
7,1,0.16667,34,35
1,6,0.0098522,34,35
6,6,0.91753,34,35
7,6,0.017391,34,35
1,1,0.86239,35,36
6,6,0.95288,35,36
1,26,0.17054,35,36
1,26,0.033333,36,37
6,26,0.018182,36,37
26,26,0.6451600000000001,36,37
6,6,0.9318200000000001,36,37
26,6,0.020619,36,37
1,1,0.9126200000000001,36,37
26,6,0.29565,37,38
6,6,0.7845300000000001,37,38
1,6,0.009950200000000001,37,38
6,1,0.067308,37,38
1,1,0.85088,37,38
6,6,0.88205,38,39
6,1,0.017778,38,39
1,1,0.9365100000000001,38,39
6,6,0.8855700000000001,39,40
1,7,0.53333,39,40
6,1,0.032609,39,40
1,1,0.6915899999999999,39,40
6,6,0.81283,40,41
6,7,0.06289299999999999,40,41
7,7,0.77778,40,41
6,1,0.020942,40,41
7,1,0.085714,40,41
1,1,0.89655,40,41
6,25,0.19512000000000002,40,41
1,25,0.037736,40,41
6,7,0.12579,41,42
7,7,0.77863,41,42
1,7,0.04908,41,42
6,6,0.7701899999999999,41,42
7,6,0.030075,41,42
25,6,0.041237,41,42
6,1,0.032432,41,42
1,1,0.8254,41,42
25,1,0.29752,41,42
6,6,0.4971100000000001,42,43
1,6,0.46701000000000004,42,43
6,54,0.18824000000000002,42,43
7,1,0.033898000000000005,42,43
1,1,0.54167,42,43
7,7,0.87425,42,43
6,7,0.11834000000000001,42,43
6,6,0.92929,43,44
54,6,0.072727,43,44
54,7,0.014085,43,44
1,7,0.46328,43,44
7,7,0.76991,43,44
7,7,0.9218799999999999,44,45
6,6,0.95567,44,45
7,6,0.0085106,44,45
7,6,0.009090899999999999,45,46
6,6,0.9145700000000001,45,46
7,7,0.91286,45,46
6,7,0.009090899999999999,45,46
6,6,0.91089,46,47
7,6,0.017937,46,47
7,7,0.9230799999999999,46,47
7,7,0.8954,47,48
6,6,0.93458,47,48
7,6,0.025641000000000004,48,49
6,6,0.8727299999999999,48,49
7,7,0.92369,48,49
6,7,0.0085106,48,49
7,59,0.046512,48,49
6,7,0.33566,49,50
7,7,0.063291,49,50
6,6,0.7619,49,50
7,6,0.017778,49,50
59,6,0.095238,49,50
6,7,0.0087719,49,50
7,7,0.92181,49,50
7,25,0.025974,50,51
6,25,0.34722,50,51
7,25,0.16049000000000002,50,51
7,7,0.775,50,51
6,7,0.040816000000000005,50,51
7,7,0.14545,50,51
6,6,0.7929,50,51
7,6,0.010695,50,51
7,7,0.017544,50,51
7,7,0.77387,50,51
7,6,0.043477999999999996,51,52
6,6,0.70175,51,52
7,7,0.76271,51,52
7,7,0.25,51,52
25,25,0.75472,51,52
6,25,0.27481,51,52
7,25,0.041957999999999995,51,52
25,7,0.076923,51,52
6,7,0.015503999999999999,51,52
7,7,0.6524800000000001,51,52
6,25,0.036697,52,53
25,25,0.9365100000000001,52,53
7,25,0.048387,52,53
6,7,0.018182,52,53
7,7,0.20588,52,53
7,7,0.688,52,53
6,7,0.47552,52,53
7,7,0.62722,52,53
25,7,0.0125,52,53
25,7,0.047059,53,54
7,7,0.011696,53,54
7,7,0.8921600000000001,53,54
25,7,0.55789,53,54
7,7,0.58639,53,54
7,7,0.82857,54,55
7,7,0.017391,54,55
7,21,0.21488000000000002,54,55
7,7,0.917,54,55
7,7,0.92079,55,56
7,7,0.0088889,55,56
7,5,0.026144,55,56
7,5,0.47726999999999997,55,56
21,7,0.019417,55,56
7,7,0.72558,55,56
7,21,0.049587,55,56
21,21,0.8125,55,56
7,5,0.077419,56,57
5,5,0.75472,56,57
7,5,0.055172000000000006,56,57
7,7,0.010152,56,57
7,7,0.8342200000000001,56,57
21,7,0.24138,56,57
7,7,0.9052600000000001,56,57
5,7,0.042553,56,57
21,7,0.018349,56,57
5,7,0.055172000000000006,57,58
7,7,0.02139,57,58
7,7,0.85556,57,58
7,7,0.91837,57,58
7,7,0.021164,57,58
5,5,0.8196700000000001,57,58
7,5,0.060976,57,58
7,5,0.063694,57,58
7,7,0.28570999999999996,58,59
7,7,0.71233,58,59
7,67,0.14583,58,59
7,5,0.34197,58,59
7,5,0.009901,58,59
5,5,0.7529399999999999,58,59
7,20,0.13462000000000002,58,59
20,20,0.76923,59,60
7,7,0.8996,59,60
67,7,0.11852,59,60
5,7,0.025862,59,60
5,5,0.93069,59,60
20,5,0.019231,59,60
7,7,0.9606299999999999,60,61
20,5,0.084746,60,61
7,5,0.008368200000000001,60,61
5,5,0.88995,60,61
7,5,0.008368200000000001,61,62
5,5,0.90179,61,62
5,77,0.08547,61,62
7,7,0.94737,61,62
5,5,0.87,62,63
5,7,0.0082988,62,63
77,7,0.074627,62,63
7,7,0.8996,62,63
5,20,0.27586,62,63
7,20,0.026144,62,63
5,5,0.42177,63,64
7,5,0.19149000000000002,63,64
7,10,0.39548,63,64
20,10,0.14815,63,64
5,20,0.59524,63,64
20,20,0.47788,63,64
7,7,0.6599,63,64
20,20,0.8321200000000001,64,65
5,7,0.022727,64,65
7,7,0.5773199999999999,64,65
10,10,0.69291,64,65
20,10,0.20126,64,65
7,10,0.14966,64,65
5,5,0.77698,64,65
20,5,0.0625,64,65
7,5,0.12162,64,65
20,20,0.71739,65,66
10,20,0.017544,65,66
20,10,0.1358,65,66
7,10,0.10447999999999999,65,66
10,10,0.82609,65,66
7,7,0.42105,65,66
5,7,0.022472,65,66
20,5,0.054795,65,66
7,5,0.050847,65,66
5,5,0.93491,65,66
20,5,0.23358,66,67
5,5,0.85864,66,67
20,20,0.4898,66,67
10,20,0.033613,66,67
20,10,0.052288,66,67
10,10,0.8609899999999999,66,67
7,10,0.11024,66,67
5,5,0.8934,67,68
20,5,0.09174299999999999,67,68
5,49,0.074766,67,68
10,10,0.9021299999999999,67,68
10,45,0.27143,68,69
5,49,0.12963,68,69
49,49,0.55556,68,69
10,10,0.8411200000000001,68,69
5,5,0.8984,68,69
10,5,0.0095694,68,69
45,10,0.014388,69,70
49,10,0.20155,69,70
10,10,0.8450700000000001,69,70
5,10,0.028845999999999997,69,70
5,5,0.8837200000000001,69,70
45,45,0.69091,69,70
5,45,0.1129,69,70
10,10,0.91556,70,71
5,10,0.021164,70,71
10,5,0.017467,70,71
5,5,0.72539,70,71
45,5,0.44138,70,71
10,10,0.8952399999999999,71,72
5,10,0.0093458,71,72
5,61,0.084746,71,72
5,5,0.8450700000000001,71,72
10,10,0.8497399999999999,72,73
61,10,0.082474,72,73
5,5,0.93401,72,73
10,10,0.9180299999999999,73,74
5,10,0.010638,73,74
5,5,0.95288,73,74
10,10,0.9069799999999999,74,75
5,5,0.93194,74,75
10,10,0.85882,75,76
5,10,0.010753,75,76
5,5,0.9246200000000001,75,76
5,5,0.91866,76,77
10,10,0.88205,76,77
5,10,0.0096154,76,77
5,10,0.41573000000000004,77,78
10,10,0.20339000000000002,77,78
5,5,0.7428600000000001,77,78
10,10,0.79602,77,78
10,10,0.90395,78,79
5,5,0.78014,78,79
10,5,0.083333,78,79
10,10,0.81657,78,79
5,10,0.12047999999999999,78,79
10,10,0.051813,78,79
5,5,0.8516100000000001,79,80
10,5,0.077778,79,80
10,10,0.11957000000000001,79,80
5,10,0.011429,79,80
10,10,0.82,79,80
10,10,0.82119,79,80
5,10,0.070423,79,80
5,5,0.8648600000000001,80,81
10,5,0.029268000000000002,80,81
10,5,0.15116,80,81
10,10,0.8651200000000001,80,81
10,10,0.1978,80,81
10,10,0.44943999999999995,80,81
5,5,0.9082100000000001,81,82
10,5,0.08064500000000001,81,82
10,10,0.57143,81,82
10,10,0.9041100000000001,81,82
10,10,0.06,82,83
10,10,0.86869,82,83
5,5,0.93396,82,83
10,5,0.017241,82,83
10,5,0.0093458,82,83
5,55,0.037736,82,83
10,10,0.85556,83,84
5,10,0.030612,83,84
55,10,0.044444,83,84
10,56,0.042553,83,84
10,5,0.01005,83,84
5,5,0.90233,83,84
56,1,0.06349199999999999,84,85
5,1,0.54762,84,85
10,10,0.85083,84,85
5,5,0.68712,84,85
1,1,0.43243000000000004,85,86
10,1,0.16783,85,86
5,1,0.056603999999999995,85,86
1,5,0.33576999999999996,85,86
5,5,0.80303,85,86
10,10,0.8268200000000001,85,86
10,10,0.9142899999999999,86,87
1,5,0.067227,86,87
5,5,0.8275899999999999,86,87
1,1,0.77193,86,87
5,1,0.11429,86,87
10,10,0.8901100000000001,87,88
5,10,0.074074,87,88
5,5,0.63793,87,88
1,5,0.072072,87,88
10,1,0.01105,87,88
5,1,0.27329000000000003,87,88
1,1,0.73077,87,88
5,1,0.057142999999999985,88,89
1,1,0.9081100000000001,88,89
5,5,0.64935,88,89
1,5,0.032787000000000004,88,89
10,10,0.8854200000000001,88,89
5,10,0.082192,88,89
5,10,0.22555999999999998,89,90
10,10,0.83168,89,90
1,5,0.056603999999999995,89,90
5,5,0.4186,89,90
1,1,0.87755,89,90
10,1,0.009901,89,90
10,1,0.027777999999999997,90,91
1,1,0.90741,90,91
10,10,0.8256899999999999,90,91
5,10,0.17188,90,91
1,1,0.90435,91,92
10,1,0.0086207,91,92
10,10,0.6279100000000001,91,92
1,11,0.044199,91,92
10,11,0.60109,91,92
1,11,0.25899,92,93
11,11,0.022222,92,93
10,11,0.22221999999999997,92,93
11,11,0.8387100000000001,92,93
10,10,0.62651,92,93
1,1,0.8,92,93
10,1,0.1,92,93
10,1,0.015872999999999998,93,94
1,1,0.95567,93,94
11,10,0.038835,93,94
10,10,0.66667,93,94
11,11,0.32558000000000004,93,94
11,11,0.80412,93,94
11,10,0.46043,94,95
1,1,0.79638,94,95
10,1,0.20438,94,95
11,1,0.026316000000000003,94,95
11,11,0.73864,94,95
1,1,0.77387,95,96
10,11,0.018018,95,96
1,11,0.01,95,96
11,11,0.93243,95,96
10,10,0.21429,95,96
1,10,0.40462,95,96
10,10,0.64,95,96
1,11,0.012657999999999999,96,97
11,11,0.9308200000000001,96,97
1,10,0.1227,96,97
10,10,0.72993,96,97
10,10,0.29125999999999996,96,97
1,1,0.79104,96,97
10,1,0.037037,96,97
11,11,0.90361,97,98
1,11,0.11268,97,98
10,10,0.8275899999999999,97,98
1,10,0.34483,97,98
1,31,0.1,97,98
11,31,0.10909,98,99
10,31,0.056338,98,99
31,31,0.28570999999999996,98,99
11,11,0.8789799999999999,98,99
11,10,0.020513,98,99
10,10,0.88987,98,99
10,10,0.9302299999999999,99,100
31,11,0.3609,99,100
11,11,0.66667,99,100
10,11,0.027523000000000002,99,100
10,10,0.73743,100,101
11,10,0.010989,100,101
10,6,0.012903,100,101
11,6,0.53165,100,101
10,11,0.011696,100,101
11,11,0.6092,100,101
10,10,0.43478,100,101
11,10,0.014184,100,101
10,6,0.17143,101,102
6,6,0.75862,101,102
11,6,0.015152,101,102
10,11,0.054054,101,102
6,11,0.012422,101,102
11,11,0.72316,101,102
10,11,0.41667,101,102
10,10,0.7933899999999999,101,102
11,11,0.83178,102,103
10,11,0.08,102,103
6,6,0.78481,102,103
10,6,0.3741,102,103
6,23,0.05128200000000002,102,103
10,23,0.27119,102,103
6,31,0.024390000000000002,102,103
11,31,0.22046999999999997,102,103
6,6,0.8700600000000001,103,104
31,6,0.039604,103,104
6,40,0.12,103,104
23,40,0.3,103,104
11,11,0.89423,103,104
6,11,0.010152,103,104
23,11,0.017093999999999998,103,104
31,11,0.016529,103,104
11,31,0.017241,103,104
31,31,0.8275899999999999,103,104
40,11,0.06666699999999999,104,105
11,11,0.9124399999999999,104,105
6,6,0.84783,104,105
11,6,0.0098039,104,105
31,6,0.17857,104,105
40,40,0.61538,104,105
11,73,0.016,105,106
6,73,0.125,105,106
40,73,0.11110999999999999,105,106
11,11,0.93519,105,106
40,11,0.036697,105,106
6,6,0.8808299999999999,105,106
73,67,0.11110999999999999,106,107
6,67,0.060605999999999986,106,107
73,11,0.16393,106,107
11,11,0.85446,106,107
11,6,0.010309,106,107
6,6,0.8913,106,107
11,54,0.053571,107,108
6,6,0.8913,107,108
67,11,0.067227,107,108
11,11,0.82511,107,108
6,11,0.019608,107,108
54,6,0.069565,108,109
6,6,0.90291,108,109
11,6,0.035398,108,109
11,11,0.8684200000000001,108,109
6,9,0.015872999999999998,109,110
11,9,0.15625,109,110
6,11,0.0093458,109,110
11,11,0.88889,109,110
6,11,0.39161,109,110
6,6,0.8,109,110
11,6,0.010152,109,110
11,11,0.8542700000000001,110,111
11,11,0.046875,110,111
9,9,0.52174,110,111
11,9,0.1791,110,111
6,9,0.034783,110,111
9,6,0.04,110,111
11,6,0.017093999999999998,110,111
6,6,0.94675,110,111
11,11,0.85714,110,111
6,11,0.017391,110,111
9,6,0.037383,111,112
6,6,0.8695700000000001,111,112
11,6,0.018692,111,112
11,11,0.72321,111,112
6,11,0.018779,111,112
11,11,0.36478,111,112
11,9,0.081081,111,112
9,9,0.6747,111,112
6,9,0.11679,111,112
6,11,0.010582,112,113
11,11,0.91286,112,113
6,6,0.8774200000000001,112,113
11,6,0.019324,112,113
9,6,0.091603,112,113
6,9,0.042553,112,113
11,9,0.07253899999999999,112,113
9,9,0.78632,112,113
11,9,0.029126,113,114
6,9,0.27907,113,114
9,9,0.81013,113,114
11,11,0.77833,113,114
6,11,0.10651,113,114
11,9,0.30882,113,114
6,6,0.65,113,114
9,11,0.009950200000000001,114,115
11,11,0.72727,114,115
6,11,0.44295,114,115
11,9,0.17544,114,115
9,9,0.38298000000000004,114,115
9,9,0.90355,114,115
9,9,0.15748,114,115
6,9,0.055172000000000006,114,115
11,11,0.8315799999999999,115,116
9,11,0.021505,115,116
11,9,0.31206,115,116
9,9,0.38595999999999997,115,116
9,9,0.16923,115,116
9,9,0.8761899999999999,115,116
11,11,0.9162,116,117
9,11,0.046154,116,117
9,11,0.019704,116,117
9,9,0.24818,116,117
9,9,0.7714300000000001,116,117
9,9,0.32558000000000004,116,117
9,28,0.056075,117,118
11,11,0.91837,117,118
9,9,0.86916,117,118
9,9,0.15,117,118
28,11,0.056075,118,119
11,11,0.9064,118,119
11,9,0.0098522,118,119
9,9,0.93458,118,119
11,11,0.87179,119,120
9,8,0.2623,119,120
11,9,0.030769,119,120
9,9,0.8307700000000001,119,120
11,74,0.20168,119,120
11,8,0.15504,120,121
8,8,0.5,120,121
9,8,0.015503999999999999,120,121
11,9,0.010101,120,121
9,9,0.86869,120,121
74,9,0.22951,120,121
11,11,0.87356,120,121
74,11,0.020408000000000003,120,121
8,8,0.6260899999999999,121,122
9,8,0.01087,121,122
11,8,0.375,121,122
9,11,0.013244999999999998,121,122
11,11,0.6771699999999999,121,122
9,9,0.8778299999999999,121,122
11,9,0.020305,121,122
11,9,0.14173,122,123
9,9,0.7005100000000001,122,123
8,11,0.15504,122,123
11,11,0.5625,122,123
8,8,0.83544,122,123
9,8,0.030769,122,123
9,7,0.46358,122,123
9,9,0.87356,123,124
11,9,0.16783,123,124
7,9,0.03125,123,124
8,8,0.9285700000000001,123,124
7,8,0.048387,123,124
9,7,0.018018,123,124
7,7,0.8,123,124
9,11,0.015625,123,124
11,11,0.78351,123,124
8,11,0.047619,123,124
8,25,0.080808,124,125
11,25,0.2807,124,125
9,9,0.73059,124,125
11,9,0.42775,124,125
8,8,0.8743200000000001,124,125
7,8,0.17742,124,125
9,7,0.054054,124,125
7,7,0.41667,124,125
25,9,0.15748,125,126
9,9,0.82305,125,126
9,7,0.14201,125,126
8,7,0.07299299999999999,125,126
7,7,0.52459,125,126
8,8,0.8648600000000001,125,126
7,8,0.055046000000000005,125,126
8,8,0.7973,126,127
9,7,0.034483,126,127
7,7,0.78,126,127
8,7,0.18919,126,127
9,9,0.92105,126,127
8,9,0.029702999999999997,126,127
8,7,0.44586000000000003,127,128
7,7,0.71338,127,128
8,9,0.14943,127,128
9,9,0.81579,127,128
7,12,0.074074,127,128
9,12,0.19259,127,128
7,7,0.9060799999999999,128,129
7,9,0.047393,128,129
9,9,0.89474,128,129
12,9,0.014815,128,129
7,12,0.032,128,129
9,12,0.042254,128,129
12,12,0.81633,128,129
7,7,0.70312,129,130
9,25,0.16129000000000002,129,130
12,25,0.052632000000000005,129,130
7,12,0.34531999999999996,129,130
9,12,0.011834,129,130
12,12,0.60241,129,130
9,9,0.8229700000000001,129,130
7,9,0.082759,130,131
9,9,0.86735,130,131
7,7,0.80519,130,131
12,7,0.022727,130,131
7,12,0.05,130,131
25,12,0.2093,130,131
12,12,0.79389,130,131
9,12,0.023392,130,131
9,7,0.31579,131,132
7,7,0.52381,131,132
9,9,0.78613,131,132
9,12,0.031915,131,132
7,12,0.083333,131,132
12,12,0.82209,131,132
7,9,0.57862,132,133
9,9,0.6,132,133
9,12,0.10843,132,133
12,12,0.82873,132,133
12,24,0.11880999999999999,133,134
9,12,0.020101,133,134
12,12,0.8973,133,134
9,57,0.072072,133,134
9,9,0.87736,133,134
24,9,0.017093999999999998,134,135
12,9,0.009950200000000001,134,135
9,9,0.90654,134,135
12,12,0.9270799999999999,134,135
57,12,0.076923,134,135
9,12,0.0097561,134,135
24,24,0.56,134,135
12,24,0.036697,134,135
9,37,0.15125999999999998,135,136
9,12,0.037558999999999995,135,136
12,12,0.87255,135,136
9,9,0.74545,135,136
12,9,0.037915,135,136
24,9,0.26561999999999997,135,136
37,72,0.06666699999999999,136,137
9,72,0.27481,136,137
37,12,0.12697999999999998,136,137
12,12,0.86364,136,137
9,12,0.017621,136,137
12,9,0.0199,136,137
9,9,0.8269200000000001,136,137
72,12,0.13605,137,138
12,12,0.88066,137,138
72,9,0.046154,137,138
12,9,0.017699,137,138
9,9,0.9178700000000001,137,138
9,9,0.23621999999999999,138,139
12,12,0.92181,138,139
12,9,0.017856999999999998,138,139
9,9,0.82126,138,139
12,9,0.0093897,139,140
9,9,0.93814,139,140
9,9,0.60606,139,140
9,9,0.035398,139,140
9,12,0.032787000000000004,139,140
12,12,0.8868799999999999,139,140
12,42,0.05042,139,140
9,12,0.087719,140,141
12,12,0.9162600000000001,140,141
9,9,0.8542700000000001,140,141
12,9,0.0096618,140,141
42,9,0.057142999999999985,140,141
9,9,0.14634,140,141
9,9,0.47618999999999995,140,141
12,9,0.045801999999999995,140,141
12,2,0.18018,141,142
9,2,0.05128200000000002,141,142
9,9,0.84324,141,142
12,12,0.81865,141,142
9,12,0.2314,141,142
12,9,0.014815,141,142
9,9,0.21583000000000002,141,142
9,9,0.31745999999999996,141,142
2,2,0.44,142,143
9,2,0.016666999999999998,142,143
12,2,0.25758000000000003,142,143
2,9,0.042105000000000004,142,143
9,9,0.88485,142,143
12,12,0.7320300000000001,142,143
9,9,0.037037,142,143
12,9,0.16092,142,143
9,9,0.62069,142,143
2,2,0.55462,143,144
9,2,0.085366,143,144
12,2,0.44286000000000003,143,144
9,2,0.012422,143,144
2,9,0.075472,143,144
9,9,0.8476799999999999,143,144
9,9,0.041026,143,144
12,9,0.26900999999999997,143,144
9,9,0.79167,143,144
9,9,0.34483,144,145
2,2,0.67619,144,145
9,2,0.49746,144,145
9,2,0.016597999999999998,144,145
9,9,0.9411799999999999,144,145
9,30,0.10525999999999999,145,146
2,30,0.24324,145,146
9,9,0.22059,145,146
2,9,0.01626,145,146
9,9,0.85841,145,146
2,2,0.83983,145,146
9,2,0.018956999999999998,145,146
9,2,0.036697,146,147
2,2,0.87685,146,147
30,30,0.5,146,147
2,30,0.14634,146,147
30,9,0.08633099999999999,146,147
9,9,0.92827,146,147
2,2,0.8543700000000001,147,148
9,2,0.08,147,148
30,9,0.16529000000000002,147,148
9,9,0.77273,147,148
2,30,0.089286,147,148
30,30,0.4375,147,148
9,70,0.26277,147,148
9,56,0.056075,148,149
70,56,0.25,148,149
2,9,0.0091743,148,149
9,9,0.86385,148,149
30,9,0.17742,148,149
2,2,0.88479,148,149
70,2,0.15504,148,149
9,7,0.27692,149,150
56,2,0.086207,149,150
2,2,0.9140299999999999,149,150
9,9,0.80583,149,150
2,9,0.0097561,149,150
7,2,0.10219,150,151
2,2,0.8908299999999999,150,151
2,9,0.009950200000000001,150,151
9,9,0.9405399999999999,150,151
7,62,0.18182,150,151
9,62,0.040816000000000005,150,151
2,2,0.84444,151,152
9,2,0.010152,151,152
62,2,0.036364,151,152
2,51,0.18320999999999998,151,152
2,9,0.0098522,151,152
9,9,0.92571,151,152
2,51,0.017544,152,153
51,51,0.5,152,153
9,27,0.088889,152,153
51,9,0.10417,152,153
9,9,0.86905,152,153
2,2,0.92958,152,153
27,2,0.084746,153,154
2,2,0.87671,153,154
2,58,0.036697,153,154
51,9,0.14737,153,154
27,9,0.021505,153,154
9,9,0.83041,153,154
2,9,0.010309,153,154
2,43,0.016,154,155
9,43,0.16,154,155
9,9,0.8711700000000001,154,155
2,1,0.18898,154,155
58,1,0.23529,154,155
9,1,0.019608,154,155
2,2,0.8529399999999999,154,155
43,2,0.21849000000000002,155,156
2,2,0.87879,155,156
9,9,0.59259,155,156
9,1,0.56944,155,156
1,1,0.36145,155,156
2,2,0.80208,156,157
2,48,0.304,156,157
9,9,0.75,156,157
1,9,0.06,156,157
2,1,0.022222,156,157
1,1,0.8873200000000001,156,157
2,2,0.75132,157,158
9,2,0.32593,157,158
48,1,0.27826,157,158
9,1,0.015625,157,158
1,1,0.8235299999999999,157,158
9,59,0.21622,157,158
1,59,0.025315999999999998,157,158
1,1,0.9214700000000001,158,159
2,2,0.88205,158,159
59,2,0.061855999999999994,158,159
2,60,0.14414000000000002,158,159
2,2,0.87234,159,160
1,1,0.8911899999999999,159,160
2,1,0.010526,159,160
60,1,0.13208,159,160
2,2,0.83,160,161
2,1,0.020408000000000003,160,161
1,1,0.89899,160,161
2,2,0.89623,161,162
1,2,0.0096154,161,162
1,1,0.9489799999999999,161,162
2,51,0.17600000000000002,162,163
2,1,0.010256,162,163
1,1,0.85246,162,163
1,6,0.1165,162,163
2,2,0.87736,162,163
1,6,0.18182,163,164
6,6,0.46667,163,164
2,2,0.9561,163,164
51,1,0.26891,163,164
1,1,0.77249,163,164
2,1,0.029126,163,164
2,1,0.021858000000000002,164,165
1,1,0.77174,164,165
6,6,0.41508999999999996,164,165
1,6,0.27273000000000003,164,165
6,2,0.18898,164,165
2,2,0.8195100000000001,164,165
1,1,0.89286,165,166
2,1,0.010526,165,166
6,2,0.31343000000000004,165,166
2,2,0.76923,165,166
1,6,0.0625,165,166
6,6,0.31818,165,166
2,22,0.25806,165,166
1,42,0.045455,166,167
1,1,0.77949,166,167
2,1,0.028169,166,167
22,1,0.27907,166,167
2,2,0.8256899999999999,166,167
6,2,0.20312,166,167
22,2,0.029851,166,167
42,2,0.036364,167,168
1,2,0.018433,167,168
2,2,0.8828799999999999,167,168
1,1,0.85455,167,168
2,1,0.017778,167,168
1,51,0.068966,168,169
2,1,0.0093023,168,169
1,1,0.91743,168,169
2,2,0.8995200000000001,168,169
51,1,0.017856999999999998,169,170
1,1,0.88785,169,170
51,3,0.2,169,170
1,3,0.06557400000000001,169,170
51,2,0.040404,169,170
2,2,0.9230799999999999,169,170
1,3,0.22378,170,171
3,3,0.39216,170,171
2,3,0.015385,170,171
1,1,0.87129,170,171
2,1,0.010582,170,171
3,2,0.10101,170,171
2,2,0.88764,170,171
1,1,0.9060799999999999,171,172
2,1,0.011765000000000001,171,172
3,2,0.44295,171,172
1,2,0.019231,171,172
2,2,0.6802,171,172
1,1,0.83429,172,173
2,1,0.009901,172,173
1,2,0.01005,172,173
2,2,0.87611,172,173
1,2,0.0199,173,174
2,2,0.9066700000000001,173,174
1,1,0.82873,173,174
2,1,0.019512,173,174
2,2,0.8727299999999999,174,175
1,2,0.01,174,175
2,1,0.057415999999999995,174,175
1,1,0.88889,174,175
2,1,0.019417,175,176
1,1,0.8410299999999999,175,176
2,2,0.9244399999999999,175,176
1,2,0.056075,175,176
1,19,0.056603999999999995,176,177
2,2,0.8075100000000001,176,177
1,1,0.93814,176,177
2,6,0.31655,176,177
1,1,0.8602200000000001,177,178
6,1,0.07142899999999999,177,178
2,6,0.016949000000000002,177,178
6,6,0.54545,177,178
19,19,0.43478,177,178
1,19,0.10811,177,178
19,2,0.057142999999999985,177,178
2,2,0.90155,177,178
1,1,0.77612,178,179
6,1,0.31579,178,179
2,1,0.019231,178,179
19,2,0.21239,178,179
2,2,0.8,178,179
1,2,0.055046000000000005,179,180
2,2,0.89756,179,180
1,1,0.8959299999999999,179,180
2,1,0.0097087,180,181
1,1,0.8803799999999999,180,181
2,15,0.15872999999999998,180,181
1,15,0.046512,180,181
1,47,0.10345,180,181
2,2,0.85714,180,181
1,2,0.009090899999999999,180,181
1,1,0.9230799999999999,181,182
15,1,0.086957,181,182
1,15,0.045113,181,182
15,15,0.5283,181,182
2,15,0.097222,181,182
47,2,0.070175,181,182
2,2,0.87156,181,182
1,15,0.28743,182,183
15,15,0.60952,182,183
2,15,0.044693000000000004,182,183
1,2,0.010101,182,183
2,2,0.84762,182,183
1,1,0.7875,182,183
15,1,0.083333,183,184
1,1,0.74336,183,184
15,15,0.8198799999999999,183,184
2,15,0.0625,183,184
1,15,0.12987,183,184
2,2,0.85714,183,184
1,2,0.012657999999999999,183,184
1,1,0.72165,184,185
15,1,0.057971,184,185
2,64,0.33333,184,185
1,2,0.04918,184,185
2,2,0.79042,184,185
1,15,0.013699000000000001,184,185
15,15,0.8984,184,185
2,15,0.020942,184,185
1,2,0.33103,185,186
2,2,0.8,185,186
1,1,0.36036,185,186
15,1,0.4625,185,186
1,15,0.013699000000000001,185,186
64,15,0.3871,185,186
2,15,0.011696,185,186
15,15,0.57436,185,186
1,1,0.6542100000000001,186,187
15,1,0.028169,186,187
2,2,0.8901100000000001,186,187
1,2,0.040541,186,187
2,15,0.035874,186,187
1,15,0.2328,186,187
15,15,0.80357,186,187
1,1,0.47058999999999995,187,188
2,1,0.015872999999999998,187,188
15,1,0.21556999999999998,187,188
2,15,0.031745999999999996,187,188
15,15,0.8434799999999999,187,188
1,2,0.32394,187,188
2,2,0.80874,187,188
1,2,0.091603,188,189
2,2,0.8936200000000001,188,189
15,15,0.8512799999999999,188,189
2,15,0.021164,188,189
1,1,0.64078,188,189
15,1,0.18072,188,189
2,1,0.0625,188,189
2,1,0.03252,189,190
15,1,0.032257999999999995,189,190
1,1,0.5894699999999999,189,190
15,15,0.9392299999999999,189,190
1,15,0.013158000000000001,189,190
2,2,0.69744,189,190
1,2,0.37126,189,190
2,19,0.20561,189,190
15,19,0.018519,189,190
1,19,0.025315999999999998,189,190
15,15,0.80645,190,191
19,15,0.21239,190,191
1,2,0.020833,190,191
2,2,0.69048,190,191
19,2,0.1,190,191
1,1,0.58182,190,191
15,1,0.047904,190,191
2,1,0.41758,190,191
15,1,0.045977,191,192
2,1,0.09929099999999999,191,192
1,1,0.8,191,192
2,2,0.71429,191,192
1,2,0.17143,191,192
15,15,0.8066300000000001,191,192
2,15,0.054054,191,192
15,63,0.28302,192,193
1,1,0.83696,192,193
2,1,0.24852,192,193
15,1,0.020942,192,193
2,15,0.37267,192,193
15,15,0.64481,192,193
1,15,0.020101,193,194
15,15,0.9424100000000001,193,194
63,1,0.26356999999999997,193,194
1,1,0.7757,193,194
15,1,0.019417,193,194
1,55,0.018519,193,194
15,15,0.90323,194,195
55,15,0.042105000000000004,194,195
1,1,0.8815200000000001,194,195
15,15,0.8704700000000001,195,196
1,15,0.0098522,195,196
1,1,0.95694,195,196
15,75,0.11538,195,196
15,1,0.017937,196,197
1,1,0.8296899999999999,196,197
75,1,0.14925,196,197
15,15,0.9275399999999999,196,197
1,15,0.028169,196,197
1,1,0.7981699999999999,197,198
15,1,0.019802,197,198
1,15,0.0097087,197,198
15,15,0.8526299999999999,197,198
1,7,0.25945999999999997,197,198
15,7,0.20118,197,198
15,15,0.76259,198,199
7,15,0.033898000000000005,198,199
1,7,0.021505,198,199
15,7,0.08046,198,199
7,7,0.7451,198,199
1,1,0.85714,198,199
15,1,0.13613,198,199
15,15,0.77895,199,200
7,15,0.030769,199,200
15,1,0.03871,199,200
1,1,0.9178700000000001,199,200
15,7,0.086957,199,200
7,7,0.87755,199,200
1,7,0.0093897,199,200
15,7,0.067114,200,201
1,7,0.057415999999999995,200,201
7,7,0.8837200000000001,200,201
15,1,0.15492999999999998,200,201
1,1,0.85149,200,201
15,15,0.48276,200,201
7,15,0.06451599999999999,200,201
1,1,0.8333299999999999,201,202
15,1,0.11667000000000001,201,202
15,15,0.48,201,202
7,7,0.9279299999999999,201,202
1,7,0.0093023,201,202
15,7,0.045801999999999995,201,202
1,23,0.18803,202,203
46,23,0.22221999999999997,202,203
1,1,0.8247399999999999,202,203
15,1,0.060605999999999986,202,203
7,1,0.0097561,202,203
7,7,0.90741,202,203
23,7,0.037383,203,204
7,7,0.87179,203,204
23,23,0.72222,203,204
1,23,0.017699,203,204
7,23,0.016128999999999998,203,204
1,39,0.018182,203,204
7,39,0.21488000000000002,203,204
1,1,0.90909,203,204
7,39,0.033898000000000005,204,205
39,39,0.68182,204,205
1,39,0.033058,204,205
7,7,0.88235,204,205
23,7,0.080808,204,205
7,23,0.033058,204,205
23,23,0.6,204,205
1,23,0.096774,204,205
1,1,0.88525,204,205
7,7,0.76842,205,206
23,7,0.41135,205,206
39,1,0.34210999999999997,205,206
7,1,0.0098039,205,206
1,1,0.80374,205,206
7,5,0.5745899999999999,206,207
1,5,0.071795,206,207
1,14,0.36364,206,207
7,1,0.037915,206,207
1,1,0.73778,206,207
7,7,0.6303,206,207
1,7,0.022346,206,207
14,1,0.030534,207,208
1,1,0.86139,207,208
7,1,0.11538,207,208
5,7,0.10169,207,208
7,7,0.80392,207,208
5,5,0.77108,207,208
14,5,0.336,207,208
1,5,0.020408000000000003,207,208
7,5,0.013333000000000001,207,208
1,7,0.014184,208,209
7,7,0.75862,208,209
5,7,0.014815,208,209
1,33,0.28099,208,209
1,1,0.78075,208,209
7,1,0.13534000000000002,208,209
1,5,0.010204000000000001,208,209
5,5,0.94737,208,209
33,5,0.068966,209,210
5,5,0.93194,209,210
33,33,0.70968,209,210
1,33,0.020619,209,210
33,1,0.048193,209,210
1,1,0.81879,209,210
7,7,0.76768,209,210
1,7,0.17931,209,210
33,1,0.085106,210,211
1,1,0.64646,210,211
5,7,0.021277,210,211
1,7,0.28386999999999996,210,211
7,7,0.7947,210,211
5,5,0.8341700000000001,210,211
33,5,0.17544,210,211
1,5,0.073529,211,212
5,5,0.8177300000000001,211,212
1,1,0.36364,211,212
7,1,0.02,211,212
1,7,0.15385,211,212
7,7,0.9045200000000001,211,212
5,7,0.028571,211,212
5,5,0.78947,212,213
1,5,0.10203999999999999,212,213
1,7,0.035088,212,213
7,7,0.92958,212,213
5,75,0.1913,212,213
5,7,0.020305,213,214
7,7,0.8169,213,214
75,7,0.21311,213,214
5,5,0.9162,213,214
7,5,0.020513,213,214
7,77,0.11965999999999999,213,214
7,7,0.90741,214,215
77,7,0.016666999999999998,214,215
7,5,0.0095694,214,215
5,5,0.86911,214,215
77,5,0.19469,214,215
7,14,0.029412,215,216
5,14,0.29457,215,216
7,7,0.8972,215,216
7,5,0.030769,215,216
5,5,0.81915,215,216
14,14,0.59091,216,217
7,14,0.14458,216,217
5,14,0.17687,216,217
7,5,0.1393,216,217
5,5,0.78022,216,217
14,7,0.040404,216,217
7,7,0.77966,216,217
14,14,0.75362,217,218
5,14,0.12717,217,218
7,14,0.026846,217,218
7,7,0.78992,217,218
7,28,0.225,217,218
5,5,0.84211,217,218
7,5,0.096386,217,218
14,14,0.8333299999999999,218,219
7,14,0.29333000000000004,218,219
28,5,0.13084,218,219
5,5,0.8704700000000001,218,219
7,7,0.46153999999999995,218,219
14,7,0.018018,219,220
7,7,0.53846,219,220
14,14,0.9162600000000001,219,220
5,14,0.01005,219,220
5,5,0.9045200000000001,219,220
7,5,0.050847,219,220
14,43,0.16071,220,221
7,5,0.13208,220,221
5,5,0.81818,220,221
14,14,0.84264,220,221
5,3,0.15929000000000001,220,221
14,14,0.79245,221,222
43,43,0.6875,221,222
14,43,0.05128200000000002,221,222
5,3,0.05594400000000002,221,222
14,3,0.30985999999999997,221,222
3,3,0.37931,221,222
5,5,0.86188,221,222
14,14,0.6383,222,223
43,14,0.038462,222,223
14,3,0.40278,222,223
3,3,0.7086600000000001,222,223
5,3,0.012121,222,223
43,5,0.37383,222,223
5,5,0.6352899999999999,222,223
5,40,0.21277,222,223
14,5,0.17054,223,224
5,5,0.81522,223,224
5,40,0.065934,223,224
40,40,0.26666999999999996,223,224
14,3,0.087591,223,224
3,3,0.8342200000000001,223,224
40,3,0.13793,223,224
14,14,0.31579,223,224
3,14,0.022727,223,224
3,70,0.072727,224,225
5,5,0.9275399999999999,224,225
3,5,0.0093023,224,225
14,5,0.068966,224,225
40,3,0.053571,224,225
3,3,0.89202,224,225
3,3,0.8675799999999999,225,226
5,27,0.15125999999999998,225,226
70,5,0.073394,225,226
5,5,0.83178,225,226
3,5,0.009434,225,226
27,27,0.63158,226,227
5,27,0.017544,226,227
5,5,0.89655,226,227
3,3,0.86829,226,227
27,3,0.019417,226,227
27,3,0.16,227,228
3,3,0.84783,227,228
5,5,0.9042600000000001,227,228
5,5,0.90805,228,229
3,3,0.84091,228,229
5,3,0.022857,228,229
5,5,0.8639100000000001,229,230
3,3,0.91765,229,230
3,3,0.93714,230,231
5,5,0.8777799999999999,230,231
5,5,0.94527,231,232
3,3,0.87179,231,232
5,5,0.87156,232,233
3,5,0.0092166,232,233
3,3,0.90355,232,233
5,5,0.13953,232,233
3,5,0.14062,232,233
3,3,0.92045,233,234
5,5,0.14907,233,234
3,5,0.085106,233,234
5,5,0.63889,233,234
5,5,0.89623,233,234
5,5,0.57143,234,235
5,5,0.16107,234,235
3,3,0.51562,234,235
3,5,0.011696,234,235
5,5,0.86631,234,235
3,3,0.5405399999999999,234,235
5,3,0.35398,234,235
5,5,0.015152,235,236
3,5,0.06299199999999999,235,236
5,5,0.88235,235,236
3,3,0.70796,235,236
3,3,0.18045,235,236
5,5,0.63576,235,236
3,5,0.50602,235,236
5,5,0.1466,236,237
5,5,0.8761899999999999,236,237
5,5,0.32,236,237
5,3,0.4,236,237
3,3,0.7108399999999999,236,237
3,52,0.08,236,237
5,52,0.055555999999999994,236,237
5,3,0.0097561,237,238
3,3,0.90722,237,238
52,3,0.058252,237,238
5,5,0.9004700000000001,237,238
5,5,0.11667000000000001,237,238
5,5,0.016666999999999998,237,238
5,5,0.55172,237,238
3,5,0.018349,237,238
3,3,0.8829799999999999,238,239
5,3,0.010309,238,239
5,5,0.86111,238,239
5,5,0.17600000000000002,238,239
3,3,0.89474,239,240
3,5,0.010471,239,240
5,5,0.85446,239,240
3,3,0.9270799999999999,240,241
3,5,0.020619,240,241
5,5,0.8410299999999999,240,241
3,3,0.8314600000000001,241,242
5,3,0.011111,241,242
3,5,0.01087,241,242
5,5,0.8924700000000001,241,242
3,26,0.15686,241,242
5,5,0.8973,242,243
26,5,0.07767,242,243
3,3,0.9356700000000001,242,243
5,22,0.043011,242,243
5,5,0.92632,243,244
3,3,0.90286,243,244
22,3,0.043956,243,244
3,3,0.9392299999999999,244,245
5,5,0.87629,244,245
3,3,0.8216200000000001,245,246
5,5,0.9154200000000001,245,246
3,38,0.16,245,246
3,3,0.85106,246,247
5,3,0.010101,246,247
5,5,0.87324,246,247
38,5,0.10169,246,247
3,3,0.867,247,248
5,3,0.027523000000000002,247,248
3,5,0.0096618,247,248
5,5,0.87387,247,248
3,3,0.9439299999999999,248,249
3,5,0.018018,248,249
5,5,0.90265,248,249
3,3,0.9108,249,250
3,5,0.0091743,249,250
5,5,0.89381,249,250
3,3,0.8986799999999999,250,251
3,5,0.0093897,250,251
5,5,0.8807299999999999,250,251
3,3,0.6729,251,252
5,3,0.02,251,252
3,3,0.055249,251,252
5,3,0.5509,251,252
3,45,0.4654100000000001,251,252
5,5,0.67081,251,252
3,3,0.010417000000000001,252,253
3,3,0.64151,252,253
45,3,0.54015,252,253
5,3,0.052288,252,253
3,5,0.17143,252,253
5,5,0.70707,252,253
3,3,0.9214700000000001,252,253
5,3,0.057553999999999994,253,254
3,3,0.875,253,254
3,3,0.8727299999999999,253,254
5,3,0.19277,253,254
3,3,0.018265,253,254
3,3,0.037558999999999995,254,255
3,3,0.925,254,255
3,3,0.8817200000000001,254,255
3,3,0.89712,255,256
3,3,0.018519,255,256
3,3,0.0092166,255,256
3,3,0.84211,255,256
3,24,0.26316,256,257
3,3,0.94071,256,257
3,3,0.035242,256,257
3,3,0.7821199999999999,256,257
24,24,0.54545,257,258
3,24,0.12245,257,258
3,3,0.038647,257,258
3,3,0.84277,257,258
24,3,0.037037,257,258
3,3,0.78733,257,258
3,33,0.2585,257,258
3,61,0.096386,258,259
24,3,0.24,258,259
3,3,0.84,258,259
33,3,0.07936499999999999,258,259
3,3,0.80723,258,259
33,3,0.075472,258,259
33,33,0.41667,258,259
61,3,0.021277,259,260
3,3,0.010152,259,260
3,3,0.84746,259,260
33,3,0.063158,259,260
61,3,0.04,259,260
3,3,0.83744,259,260
3,3,0.010929000000000001,259,260
3,47,0.06451599999999999,260,261
3,3,0.89385,260,261
3,3,0.02139,260,261
3,3,0.8808299999999999,260,261
3,3,0.87234,261,262
3,3,0.020408000000000003,261,262
47,3,0.063158,261,262
3,3,0.88889,261,262
3,3,0.90286,262,263
3,3,0.87255,262,263
3,3,0.9068299999999999,263,264
3,3,0.93953,263,264
3,3,0.89189,264,265
3,3,0.010362999999999999,264,265
3,3,0.8977799999999999,264,265
3,3,0.8783799999999999,265,266
3,36,0.016807,265,266
3,3,0.8927,265,266
3,3,0.8192799999999999,266,267
36,3,0.086957,266,267
3,3,0.019417,266,267
3,37,0.096774,266,267
3,3,0.91775,266,267
3,3,0.8839799999999999,267,268
37,3,0.040404,267,268
3,37,0.019802,267,268
37,37,0.42105,267,268
3,37,0.11110999999999999,267,268
3,3,0.029268000000000002,267,268
3,3,0.8869600000000001,267,268
3,3,0.019802,268,269
3,3,0.8407100000000001,268,269
3,3,0.81319,268,269
37,3,0.15686,268,269
3,23,0.17476,268,269
37,16,0.28570999999999996,268,269
3,16,0.21583000000000002,268,269
3,3,0.72195,269,270
23,3,0.16981,269,270
3,3,0.027027,269,270
3,3,0.79208,269,270
16,3,0.31111,269,270
3,3,0.34328000000000003,269,270
3,3,0.8325799999999999,270,271
3,3,0.030075,270,271
3,3,0.08264500000000001,270,271
3,3,0.072464,270,271
3,3,0.6,270,271
3,3,0.87,270,271
3,3,0.036866,270,271
3,3,0.13635999999999998,271,272
3,3,0.78704,271,272
3,27,0.22951,271,272
3,3,0.72906,271,272
3,3,0.28333,271,272
3,7,0.21277,271,272
3,7,0.1746,271,272
3,3,0.0087719,272,273
3,3,0.8341200000000001,272,273
7,3,0.28986,272,273
3,3,0.8851100000000001,272,273
27,3,0.18978,272,273
3,3,0.9440000000000001,273,274
3,3,0.93506,273,274
3,3,0.8606600000000001,274,275
3,3,0.034483,274,275
3,3,0.033195,274,275
3,3,0.9170299999999999,274,275
3,55,0.10294,274,275
3,3,0.0084388,275,276
3,3,0.84615,275,276
55,3,0.12403,275,276
3,66,0.1129,275,276
3,3,0.8401799999999999,275,276
3,3,0.037037,275,276
3,3,0.06639,276,277
3,3,0.89686,276,277
3,5,0.43678,276,277
66,5,0.22951,276,277
3,5,0.012821,276,277
3,3,0.71658,276,277
5,3,0.15517,277,278
3,3,0.82171,277,278
3,3,0.84615,277,278
3,3,0.055555999999999994,277,278
3,5,0.034286000000000004,277,278
5,5,0.75926,277,278
3,5,0.08264500000000001,277,278
3,59,0.20635,278,279
3,3,0.09816,278,279
3,3,0.81308,278,279
3,3,0.55814,278,279
3,5,0.25175,278,279
3,5,0.010309,278,279
5,5,0.8,278,279
59,5,0.13333,279,280
3,5,0.10345,279,280
5,5,0.84393,279,280
3,3,0.8493200000000001,279,280
3,3,0.21126999999999999,279,280
3,3,0.8917700000000001,280,281
5,5,0.8387100000000001,280,281
3,22,0.033333,280,281
3,3,0.90265,281,282
5,3,0.019324,281,282
5,5,0.92063,281,282
22,5,0.041237,281,282
3,5,0.018605,282,283
5,5,0.8731,282,283
3,3,0.8899100000000001,282,283
5,3,0.01,282,283
5,3,0.028845999999999997,283,284
3,3,0.90995,283,284
5,56,0.14545,283,284
5,5,0.8484799999999999,283,284
3,3,0.8446600000000001,284,285
56,3,0.12963,284,285
3,49,0.088496,284,285
5,5,0.92553,284,285
3,3,0.88889,285,286
5,3,0.010526,285,286
3,51,0.039216,285,286
3,5,0.020101,285,286
49,5,0.11320999999999999,285,286
5,5,0.8377,285,286
3,3,0.8910899999999999,286,287
51,5,0.033898000000000005,286,287
5,5,0.8744200000000001,286,287
3,3,0.80874,287,288
3,16,0.34920999999999996,287,288
3,5,0.0088889,287,288
5,5,0.89451,287,288
3,16,0.038095,288,289
16,16,0.66667,288,289
5,16,0.027211000000000003,288,289
3,3,0.89744,288,289
5,5,0.8202799999999999,288,289
3,18,0.020833,288,289
5,18,0.18841,288,289
5,5,0.5563899999999999,289,290
16,16,0.45614,289,290
3,16,0.024242,289,290
5,16,0.56522,289,290
3,3,0.81111,289,290
18,3,0.28333,289,290
16,16,0.78981,290,291
3,16,0.011628,290,291
5,5,0.66667,290,291
16,5,0.27536,290,291
5,3,0.025641000000000004,290,291
3,3,0.87387,290,291
3,18,0.30769,291,292
5,3,0.07142899999999999,291,292
3,3,0.7368399999999999,291,292
16,16,0.87179,291,292
5,16,0.058394000000000015,291,292
3,16,0.087379,291,292
5,5,0.71605,291,292
16,56,0.10309000000000001,292,293
5,56,0.19512000000000002,292,293
18,18,0.4898,292,293
3,18,0.15652,292,293
18,16,0.12069,292,293
16,16,0.86034,292,293
3,3,0.72727,292,293
5,3,0.28,292,293
18,18,0.41558,293,294
16,18,0.16667,293,294
3,18,0.081871,293,294
56,3,0.14634,293,294
16,3,0.029268000000000002,293,294
3,3,0.75,293,294
18,16,0.081633,293,294
16,16,0.82424,293,294
3,18,0.22388000000000002,293,294
18,16,0.023528999999999998,294,295
16,16,0.60377,294,295
3,3,0.8595,294,295
16,3,0.12871,294,295
18,18,0.71831,294,295
3,18,0.029557,294,295
16,18,0.15950999999999999,294,295
18,18,0.22857,294,295
16,18,0.19118,295,296
18,18,0.8911899999999999,295,296
16,3,0.035713999999999996,295,296
3,3,0.90909,295,296
3,3,0.9520299999999999,296,297
18,18,0.94686,296,297
3,3,0.96241,297,298
18,18,0.9372,297,298
3,3,0.96094,298,299
18,18,0.96585,298,299
3,76,0.075188,299,300
18,18,0.91866,299,300
3,3,0.9011899999999999,299,300
18,3,0.026201,299,300
18,3,0.034043000000000004,300,301
3,3,0.90196,300,301
18,18,0.73143,300,301
3,18,0.010256,300,301
76,14,0.24561,300,301
18,14,0.43312,300,301
3,14,0.022599,300,301
3,14,0.11594000000000006,301,302
18,14,0.027211000000000003,301,302
14,14,0.75969,301,302
3,18,0.010526,301,302
18,18,0.86154,301,302
14,18,0.017856999999999998,301,302
3,3,0.8547,301,302
18,3,0.034483,301,302
18,3,0.072464,302,303
3,3,0.78022,302,303
14,18,0.11189,302,303
18,18,0.80952,302,303
14,14,0.78161,302,303
3,14,0.19899999999999998,302,303
3,3,0.65263,303,304
18,3,0.53933,303,304
3,14,0.010929000000000001,303,304
18,14,0.011696,303,304
14,14,0.91089,303,304
18,41,0.16901,303,304
14,41,0.019608,303,304
3,3,0.8597299999999999,304,305
41,3,0.070175,304,305
3,14,0.027027,304,305
14,14,0.9302299999999999,304,305
3,3,0.9073200000000001,305,306
14,3,0.0097087,305,306
3,14,0.009049799999999998,305,306
14,14,0.9009,305,306
3,3,0.88889,306,307
3,14,0.018519,306,307
14,14,0.91379,306,307
3,3,0.8984,307,308
14,14,0.88618,307,308
14,14,0.83544,308,309
14,19,0.22221999999999997,308,309
3,3,0.9166700000000001,308,309
19,3,0.18966,309,310
3,3,0.8469399999999999,309,310
14,14,0.89286,309,310
3,14,0.018956999999999998,309,310
3,14,0.018265,310,311
14,14,0.91453,310,311
3,42,0.019608,310,311
3,3,0.8543700000000001,310,311
14,3,0.009049799999999998,310,311
14,3,0.053571,311,312
3,3,0.80569,311,312
14,14,0.8395100000000001,311,312
42,14,0.031745999999999996,311,312
3,14,0.052174,311,312
14,48,0.076336,312,313
14,14,0.9067799999999999,312,313
3,3,0.89202,312,313
14,3,0.025862,312,313
48,48,0.44443999999999995,313,314
14,48,0.18182,313,314
3,48,0.015625,313,314
14,3,0.0093458,313,314
3,3,0.9142899999999999,313,314
48,14,0.018692,313,314
14,14,0.83019,313,314
3,14,0.0096154,313,314
3,14,0.074074,314,315
14,14,0.8411200000000001,314,315
48,3,0.2963,314,315
3,3,0.81106,314,315
14,3,0.0093023,314,315
14,14,0.65882,315,316
3,3,0.88584,315,316
14,5,0.5028600000000001,315,316
3,5,0.068182,315,316
14,5,0.43038000000000004,316,317
3,5,0.019417,316,317
5,5,0.7116600000000001,316,317
14,3,0.11834000000000001,316,317
3,3,0.88479,316,317
3,26,0.21705,317,318
5,5,0.90355,317,318
3,5,0.019231,317,318
3,3,0.85446,317,318
5,23,0.11110999999999999,317,318
26,26,0.38095,318,319
5,22,0.020202,318,319
23,22,0.2,318,319
3,3,0.9230799999999999,318,319
23,3,0.070175,318,319
5,5,0.94624,318,319
3,69,0.035713999999999996,319,320
3,3,0.90385,319,320
22,22,0.66667,319,320
3,22,0.017241,319,320
5,22,0.060605999999999986,319,320
26,5,0.09434,319,320
3,5,0.0095694,319,320
5,5,0.8958299999999999,319,320
3,22,0.10525999999999999,320,321
22,22,0.39024000000000003,320,321
5,22,0.13433,320,321
5,5,0.8958299999999999,320,321
69,2,0.22221999999999997,320,321
3,2,0.10605999999999999,320,321
3,3,0.90323,320,321
22,3,0.2434800000000001,321,322
3,3,0.71429,321,322
5,2,0.13924,321,322
2,2,0.62626,321,322
3,2,0.20915,321,322
22,22,0.55882,321,322
5,22,0.1746,321,322
3,22,0.016529,321,322
5,5,0.7922100000000001,321,322
2,5,0.021053,321,322
3,2,0.097826,322,323
2,2,0.76923,322,323
5,2,0.20606,322,323
5,5,0.70103,322,323
3,3,0.68108,322,323
22,3,0.46376999999999996,322,323
5,3,0.012048,322,323
5,3,0.092308,323,324
3,3,0.8341700000000001,323,324
2,2,0.9252299999999999,323,324
5,2,0.027397,323,324
3,2,0.0093023,323,324
2,5,0.016807,323,324
5,5,0.58824,323,324
3,65,0.19297999999999998,323,324
3,3,0.8944700000000001,324,325
5,3,0.16667,324,325
3,2,0.0089686,324,325
2,2,0.87029,324,325
5,2,0.041667,324,325
65,2,0.15942,324,325
3,2,0.0089286,325,326
2,2,0.91935,325,326
3,3,0.89899,325,326
2,3,0.018605,326,327
3,3,0.87831,326,327
3,65,0.11880999999999999,326,327
2,2,0.89076,326,327
3,2,0.028301999999999997,326,327
3,3,0.90099,327,328
2,3,0.026667000000000003,327,328
2,36,0.05,327,328
3,2,0.0096618,327,328
65,2,0.10084,327,328
2,2,0.8695700000000001,327,328
3,3,0.8450700000000001,328,329
36,3,0.055555999999999994,328,329
3,30,0.036364,328,329
3,2,0.027149,328,329
2,2,0.92035,328,329
3,3,0.61039,329,330
30,2,0.039604,329,330
2,2,0.85849,329,330
3,2,0.5618,329,330
2,2,0.13978,329,330
3,2,0.2449,330,331
2,2,0.060913999999999996,330,331
2,2,0.80702,330,331
3,3,0.56338,330,331
2,3,0.021053,330,331
3,2,0.07299299999999999,330,331
2,2,0.8449200000000001,330,331
3,2,0.30303,331,332
2,2,0.76768,331,332
2,2,0.9246200000000001,331,332
3,2,0.01626,331,332
2,38,0.11215,332,333
2,2,0.8972,332,333
2,2,0.019512,332,333
2,2,0.8645799999999999,332,333
2,45,0.10909,333,334
2,2,0.9005200000000001,333,334
38,2,0.10811,333,334
2,2,0.85167,333,334
2,2,0.010204000000000001,333,334
45,3,0.08,334,335
2,3,0.25806,334,335
2,2,0.05235599999999999,334,335
2,2,0.79592,334,335
45,2,0.09009,334,335
2,2,0.8390200000000001,334,335
2,39,0.53793,335,336
3,2,0.3,335,336
2,2,0.011628,335,336
2,2,0.58065,335,336
2,2,0.92896,335,336
2,2,0.010152,335,336
39,2,0.10294,336,337
2,2,0.8297899999999999,336,337
39,2,0.36478,336,337
2,2,0.73,336,337
2,2,0.009478700000000001,336,337
2,2,0.01005,337,338
2,2,0.8198200000000001,337,338
2,39,0.2318800000000001,337,338
2,2,0.92386,337,338
2,2,0.036364,337,338
2,2,0.90355,338,339
2,39,0.074627,338,339
39,39,0.68,338,339
2,39,0.060605999999999986,338,339
2,2,0.9215700000000001,338,339
2,2,0.039604,339,340
2,2,0.87923,339,340
2,2,0.78505,339,340
39,2,0.33557,339,340
2,2,0.027397,339,340
2,26,0.11199999999999999,340,341
2,2,0.8995200000000001,340,341
2,2,0.8695700000000001,340,341
2,2,0.9321299999999999,341,342
26,2,0.10525999999999999,341,342
2,2,0.85714,341,342
2,2,0.94737,342,343
2,30,0.036036,342,343
2,2,0.8506799999999999,342,343
2,2,0.018692,343,344
2,2,0.9375,343,344
2,2,0.8708100000000001,343,344
30,2,0.036697,343,344
2,41,0.014388,344,345
2,41,0.29851,344,345
2,2,0.055555999999999994,344,345
2,2,0.7582899999999999,344,345
2,2,0.92166,344,345
2,2,0.009434,344,345
2,2,0.79295,345,346
2,2,0.10525999999999999,345,346
41,41,0.41667,345,346
2,41,0.11199999999999999,345,346
2,41,0.015872999999999998,345,346
41,2,0.21374,345,346
2,2,0.8134,345,346
2,2,0.048387,346,347
41,2,0.27397,346,347
2,2,0.74236,346,347
2,21,0.34899,346,347
2,2,0.7032,346,347
2,2,0.09,346,347
2,2,0.044444,347,348
21,2,0.031745999999999996,347,348
2,2,0.9285700000000001,347,348
2,2,0.8821,347,348
21,2,0.030769,347,348
21,21,0.75556,347,348
2,21,0.017391,347,348
2,2,0.9365899999999999,348,349
2,2,0.047847,348,349
2,21,0.016,348,349
21,21,0.77273,348,349
2,2,0.90625,348,349
2,2,0.8778299999999999,349,350
2,2,0.068627,349,350
2,2,0.018433,349,350
21,2,0.33576999999999996,349,350
2,2,0.69,349,350
2,41,0.31579,350,351
2,2,0.039216,350,351
2,2,0.74,350,351
2,2,0.8607600000000001,350,351
2,2,0.034335000000000004,350,351
41,2,0.086957,351,352
2,2,0.9230799999999999,351,352
2,2,0.018605,351,352
41,2,0.032787000000000004,351,352
2,2,0.8558600000000001,351,352
2,2,0.8808299999999999,352,353
2,2,0.9518700000000001,352,353
2,2,0.9723799999999999,353,354
2,35,0.042105000000000004,353,354
2,2,0.92737,353,354
2,2,0.88649,354,355
35,2,0.06,354,355
2,2,0.93785,354,355
2,2,0.010309,355,356
2,2,0.8877,355,356
2,2,0.8731,355,356
2,2,0.89231,356,357
2,2,0.8934,356,357
2,51,0.079208,356,357
2,2,0.89231,357,358
2,2,0.018605,357,358
2,2,0.8504700000000001,357,358
51,2,0.049587,357,358
2,63,0.074074,357,358
51,63,0.14286,357,358
2,2,0.028845999999999997,358,359
2,2,0.75439,358,359
63,2,0.16529000000000002,358,359
2,21,0.21126999999999999,358,359
2,2,0.89005,358,359
2,2,0.028436000000000006,358,359
21,2,0.20588,359,360
2,2,0.8292700000000001,359,360
2,21,0.064,359,360
21,21,0.46153999999999995,359,360
2,2,0.9132399999999999,359,360
2,2,0.009901,359,360
2,5,0.5625,360,361
2,5,0.012739,360,361
2,2,0.8405799999999999,360,361
2,2,0.59375,360,361
21,2,0.29474,360,361
2,2,0.031745999999999996,360,361
2,40,0.054054,360,361
5,2,0.25,361,362
2,2,0.026549,361,362
2,2,0.75962,361,362
40,2,0.046154,361,362
5,2,0.21429,361,362
2,2,0.8165100000000001,361,362
2,2,0.8724299999999999,362,363
2,2,0.0085106,362,363
2,2,0.06374500000000001,362,363
2,2,0.90535,362,363
2,2,0.8734700000000001,363,364
2,2,0.06324099999999999,363,364
2,2,0.0086207,363,364
2,2,0.88333,363,364
2,2,0.8713700000000001,364,365
2,73,0.1831,364,365
2,22,0.17323,364,365
2,2,0.84793,364,365
73,2,0.22018000000000001,365,366
2,2,0.78173,365,366
22,22,0.4375,365,366
2,22,0.21311,365,366
2,2,0.91379,365,366
22,2,0.06106900000000001,365,366
2,2,0.8955200000000001,366,367
22,2,0.047619,366,367
2,2,0.08,366,367
22,2,0.21739,366,367
2,2,0.75105,366,367
2,2,0.81218,367,368
2,2,0.038278,367,368
2,38,0.20513,367,368
2,2,0.028571,367,368
2,2,0.8828799999999999,367,368
2,2,0.019802,368,369
38,2,0.13115,368,369
2,2,0.83721,368,369
2,2,0.90625,368,369
2,15,0.073394,368,369
2,2,0.9363600000000001,369,370
2,2,0.0095238,369,370
2,2,0.8803799999999999,369,370
15,2,0.053097000000000005,369,370
2,2,0.052863,370,371
2,2,0.8849600000000001,370,371
2,2,0.82126,370,371
2,2,0.019417,370,371
2,71,0.26666999999999996,371,372
2,2,0.78341,371,372
2,2,0.020305,371,372
2,2,0.018956999999999998,371,372
2,2,0.89005,371,372
71,2,0.18803,372,373
2,2,0.8601,372,373
71,2,0.031007999999999997,372,373
2,2,0.8720399999999999,372,373
2,2,0.029268000000000002,372,373
2,40,0.10255999999999996,373,374
2,2,0.9145700000000001,373,374
2,2,0.028436000000000006,373,374
2,2,0.8796299999999999,373,374
40,2,0.095238,374,375
2,2,0.8844200000000001,374,375
2,2,0.9523799999999999,374,375
2,2,0.8512799999999999,375,376
2,2,0.009950200000000001,375,376
2,2,0.038647,375,376
2,2,0.9389700000000001,375,376
2,2,0.9145700000000001,376,377
2,2,0.009478700000000001,376,377
2,2,0.9333299999999999,376,377
2,8,0.2521,377,378
2,2,0.83673,377,378
2,2,0.019048,377,378
2,24,0.15625,377,378
2,2,0.0093897,377,378
2,2,0.8193799999999999,377,378
8,19,0.15385,378,379
2,19,0.2931,378,379
2,2,0.75532,378,379
24,2,0.20755,378,379
2,2,0.029268000000000002,378,379
2,2,0.73143,378,379
8,8,0.30136999999999997,378,379
2,8,0.013333000000000001,378,379
2,8,0.35928000000000004,378,379
19,8,0.30159,379,380
2,8,0.050505,379,380
2,8,0.16667,379,380
8,8,0.675,379,380
2,2,0.69231,379,380
19,2,0.016529,379,380
2,2,0.9222799999999999,379,380
2,2,0.01227,379,380
8,2,0.014706,380,381
2,2,0.66667,380,381
8,8,0.87755,380,381
2,8,0.015152,380,381
2,8,0.020942,380,381
2,2,0.072464,380,381
2,2,0.92386,380,381
8,8,0.86339,381,382
2,8,0.042328,381,382
2,2,0.40993999999999997,381,382
2,2,0.7489,381,382
8,2,0.0088889,382,383
2,2,0.92015,382,383
8,8,0.94505,382,383
2,2,0.88889,383,384
8,2,0.0091743,383,384
2,8,0.045872,383,384
8,8,0.85714,383,384
2,62,0.043477999999999996,383,384
8,33,0.12245,383,384
2,8,0.027906999999999998,384,385
8,8,0.9069799999999999,384,385
62,8,0.043477999999999996,384,385
2,2,0.84496,384,385
8,2,0.018605,384,385
33,2,0.057971,384,385
8,8,0.8777799999999999,385,386
2,8,0.026906,385,386
2,2,0.92248,385,386
8,8,0.93855,386,387
8,2,0.009259299999999998,386,387
2,2,0.9243,386,387
8,8,0.89286,387,388
2,2,0.8991600000000001,387,388
8,8,0.9,388,389
2,2,0.94273,388,389
8,8,0.925,389,390
2,2,0.88987,389,390
8,8,0.9259299999999999,390,391
2,8,0.010256,390,391
2,2,0.9066700000000001,390,391
8,16,0.015747999999999998,391,392
2,16,0.48408,391,392
8,2,0.012579,391,392
2,2,0.66667,391,392
8,8,0.9166700000000001,391,392
8,8,0.82716,392,393
16,16,0.74074,392,393
2,16,0.014286000000000004,392,393
8,16,0.21477,392,393
16,2,0.046154,392,393
2,2,0.8395100000000001,392,393
8,2,0.011696,392,393
8,2,0.05594400000000002,393,394
2,2,0.77632,393,394
8,8,0.75556,393,394
2,31,0.20833000000000002,393,394
8,16,0.15950999999999999,393,394
16,16,0.81333,393,394
2,16,0.05814,393,394
8,8,0.37333,394,395
16,8,0.038835,394,395
8,16,0.0125,394,395
31,16,0.14286,394,395
16,16,0.8617,394,395
2,2,0.6474,394,395
8,2,0.48485,394,395
8,2,0.20561,395,396
2,2,0.78173,395,396
2,17,0.25806,395,396
16,16,0.92611,395,396
2,16,0.0096154,395,396
8,55,0.18182,395,396
16,55,0.074766,395,396
2,2,0.82105,396,397
16,2,0.029851,396,397
55,2,0.11429,396,397
2,17,0.05042,396,397
17,17,0.56522,396,397
16,17,0.030769,396,397
17,16,0.018519,396,397
16,16,0.9166700000000001,396,397
2,17,0.18634,397,398
17,17,0.6,397,398
16,17,0.039474,397,398
2,2,0.84946,397,398
16,2,0.011299,397,398
16,16,0.9221600000000001,397,398
17,17,0.73548,398,399
2,17,0.011111,398,399
16,17,0.22353,398,399
16,16,0.6,398,399
2,2,0.9,398,399
16,2,0.094118,398,399
16,2,0.2,399,400
2,2,0.82105,399,400
17,17,0.85854,399,400
16,17,0.2069,399,400
2,17,0.0097561,399,400
17,17,0.8446600000000001,400,401
2,2,0.9424100000000001,400,401
17,2,0.0097087,400,401
17,79,0.06,401,402
2,79,0.02,401,402
17,17,0.8994700000000001,401,402
2,2,0.90323,401,402
79,2,0.10909,402,403
17,2,0.01005,402,403
2,2,0.87755,402,403
17,17,0.92553,402,403
17,17,0.8770100000000001,403,404
2,2,0.9178700000000001,403,404
17,17,0.93122,404,405
2,17,0.020202,404,405
2,2,0.8811899999999999,404,405
2,2,0.7574,405,406
17,17,0.91489,405,406
17,3,0.013986000000000002,405,406
2,3,0.40815999999999997,405,406
2,17,0.026144,406,407
17,17,0.8522700000000001,406,407
2,2,0.8235299999999999,406,407
17,2,0.012579,406,407
3,2,0.052632000000000005,406,407
2,3,0.10959,406,407
17,3,0.047337,406,407
3,3,0.7258100000000001,406,407
17,3,0.0625,407,408
3,3,0.84967,407,408
17,2,0.023669,407,408
2,2,0.78947,407,408
3,2,0.08642000000000001,407,408
17,17,0.85714,407,408
2,17,0.029197000000000008,407,408
2,2,0.81731,408,409
17,2,0.34197,408,409
3,3,0.8,408,409
17,3,0.27219,408,409
2,2,0.8898299999999999,409,410
2,3,0.0089286,409,410
3,3,0.91,409,410
2,2,0.9205,410,411
2,3,0.018182,410,411
3,3,0.8653799999999999,410,411
2,45,0.028986,411,412
3,45,0.16807,411,412
2,3,0.026786,411,412
3,3,0.86829,411,412
2,2,0.9142899999999999,411,412
45,2,0.15714,412,413
3,2,0.008849600000000001,412,413
2,2,0.87449,412,413
3,3,0.90722,412,413
2,3,0.0093023,412,413
2,2,0.8898299999999999,413,414
3,3,0.8587600000000001,413,414
2,8,0.09210499999999999,413,414
3,8,0.21666999999999997,413,414
2,2,0.37037,414,415
2,8,0.65049,414,415
8,8,0.39344,414,415
2,3,0.020619,414,415
3,3,0.87425,414,415
2,8,0.046512,415,416
8,8,0.93,415,416
2,3,0.052632000000000005,415,416
3,3,0.84393,415,416
8,8,0.9073200000000001,416,417
3,8,0.010526,416,417
8,3,0.010471,416,417
3,3,0.86364,416,417
3,46,0.043011,416,417
8,3,0.010101,417,418
3,3,0.80435,417,418
8,50,0.22221999999999997,417,418
8,8,0.84536,417,418
46,8,0.10309000000000001,417,418
3,1,0.16,417,418
3,1,0.034783,418,419
8,1,0.018018,418,419
1,1,0.6451600000000001,418,419
50,8,0.018349,418,419
8,8,0.93548,418,419
1,8,0.037736,418,419
3,3,0.83744,418,419
50,3,0.18033,418,419
1,8,0.039604,419,420
8,8,0.875,419,420
3,3,0.90654,419,420
1,1,0.60714,419,420
8,1,0.16794,419,420
3,1,0.055555999999999994,419,420
3,51,0.10525999999999999,420,421
8,3,0.031414,420,421
3,3,0.9166700000000001,420,421
8,8,0.5,420,421
8,1,0.50888,420,421
1,1,0.59677,420,421
51,8,0.047619,421,422
8,8,0.73846,421,422
1,8,0.06557400000000001,421,422
3,3,0.90233,421,422
8,3,0.029412,421,422
51,1,0.09615399999999999,421,422
3,1,0.029126,421,422
8,1,0.015747999999999998,421,422
1,1,0.84783,421,422
8,8,0.75,422,423
1,8,0.06349199999999999,422,423
3,1,0.048780000000000004,422,423
1,1,0.88776,422,423
3,71,0.072727,422,423
8,3,0.14388,422,423
3,3,0.82857,422,423
8,3,0.36841999999999997,423,424
1,3,0.018018,423,424
71,3,0.015747999999999998,423,424
3,3,0.69604,423,424
1,1,0.9081600000000001,423,424
71,1,0.059405999999999994,423,424
3,1,0.0199,423,424
3,1,0.056075,424,425
1,1,0.85106,424,425
3,3,0.81481,424,425
1,3,0.036866,424,425
1,3,0.009434,425,426
3,3,0.8630700000000001,425,426
1,1,0.84746,425,426
3,1,0.019417,425,426
3,31,0.13953,425,426
1,35,0.042553,425,426
1,35,0.044444,426,427
35,35,0.57143,426,427
3,1,0.0096154,426,427
1,1,0.86705,426,427
31,1,0.14583,426,427
3,50,0.094488,426,427
3,3,0.87336,426,427
35,3,0.018018,426,427
35,3,0.07142899999999999,427,428
3,3,0.9166700000000001,427,428
1,1,0.88136,427,428
50,1,0.125,427,428
3,3,0.94495,428,429
1,27,0.043477999999999996,428,429
1,1,0.84615,428,429
3,3,0.9259299999999999,429,430
27,3,0.037037,429,430
1,1,0.8497399999999999,429,430
3,3,0.9162600000000001,430,431
1,1,0.9,430,431
1,26,0.07619,430,431
3,3,0.89474,431,432
3,1,0.010101,431,432
1,1,0.94,431,432
1,26,0.074766,431,432
26,26,0.66667,431,432
1,1,0.96585,432,433
3,78,0.041237,432,433
3,3,0.84878,432,433
26,3,0.11667000000000001,432,433
1,3,0.017467,433,434
3,3,0.87764,433,434
1,1,0.8940100000000001,433,434
78,1,0.06837599999999999,433,434
3,1,0.0088889,433,434
3,3,0.8546299999999999,434,435
3,3,0.14474,434,435
1,3,0.1,434,435
1,1,0.80976,434,435
3,75,0.12,434,435
1,75,0.15942,434,435
3,3,0.70968,435,436
1,3,0.0096618,435,436
75,3,0.35714,435,436
3,3,0.28776999999999997,435,436
3,3,0.4375,435,436
3,1,0.21311,435,436
1,1,0.8342200000000001,435,436
1,36,0.38983,436,437
3,3,0.25503000000000003,436,437
3,3,0.42253999999999997,436,437
3,1,0.0098522,436,437
3,1,0.35200000000000004,436,437
1,1,0.59016,436,437
3,3,0.72727,436,437
1,3,0.021164,436,437
36,1,0.045113,437,438
3,1,0.23611,437,438
1,1,0.85859,437,438
36,36,0.35714,437,438
36,3,0.17600000000000002,437,438
3,3,0.83673,437,438
3,77,0.088889,437,438
3,77,0.17143,437,438
1,5,0.31818,438,439
1,1,0.77295,438,439
77,1,0.092593,438,439
1,3,0.0096618,438,439
36,3,0.098039,438,439
3,3,0.8743700000000001,438,439
3,54,0.2069,438,439
77,54,0.16,438,439
5,3,0.017241,439,440
3,3,0.96335,439,440
1,54,0.14634,439,440
54,54,0.65,439,440
5,5,0.72,439,440
1,5,0.08,439,440
5,1,0.017093999999999998,439,440
1,1,0.8125,439,440
3,1,0.037736,440,441
54,1,0.34722,440,441
1,1,0.73239,440,441
3,3,0.86667,440,441
5,3,0.10525999999999999,440,441
5,5,0.6451600000000001,440,441
1,5,0.15504,440,441
1,1,0.94783,441,442
3,3,0.56667,441,442
1,5,0.047619,441,442
3,5,0.48315,441,442
5,5,0.50794,441,442
1,1,0.9,442,443
3,1,0.056338,442,443
1,5,0.019324,442,443
5,5,0.8984,442,443
3,3,0.8387100000000001,442,443
5,3,0.016666999999999998,442,443
5,5,0.94416,443,444
1,62,0.036036,443,444
1,1,0.85345,443,444
3,1,0.23684000000000002,443,444
5,5,0.9230799999999999,444,445
62,5,0.055046000000000005,444,445
1,1,0.87764,444,445
1,51,0.015872999999999998,444,445
1,1,0.90741,445,446
5,5,0.93396,445,446
51,5,0.037037,445,446
1,1,0.88776,446,447
5,1,0.01005,446,447
1,5,0.019139,446,447
5,5,0.91509,446,447
5,5,0.91509,447,448
1,1,0.8839799999999999,447,448
1,1,0.8826799999999999,448,449
5,5,0.8940100000000001,448,449
1,1,0.82209,449,450
5,1,0.010929000000000001,449,450
5,34,0.29851,449,450
1,5,0.032787000000000004,449,450
5,5,0.76847,449,450
1,53,0.2037,449,450
1,1,0.78313,450,451
34,1,0.2735,450,451
1,5,0.047059,450,451
5,5,0.7368399999999999,450,451
53,5,0.2434800000000001,450,451
34,7,0.18868,450,451
5,7,0.29508,450,451
5,7,0.056075,451,452
7,7,0.30769,451,452
1,5,0.010471,451,452
5,5,0.87179,451,452
7,5,0.015747999999999998,451,452
1,29,0.27523000000000003,451,452
1,1,0.67662,451,452
7,1,0.30657,451,452
5,5,0.9119200000000001,452,453
29,5,0.036036,452,453
7,1,0.12308,452,453
5,1,0.018349,452,453
1,1,0.8859600000000001,452,453
29,29,0.45455,452,453
1,29,0.035088,452,453
5,1,0.0091324,453,454
1,1,0.9180299999999999,453,454
5,5,0.8704700000000001,453,454
29,5,0.076923,453,454
1,1,0.9508200000000001,454,455
5,5,0.86631,454,455
1,1,0.6632100000000001,455,456
5,1,0.024691,455,456
1,5,0.0096618,455,456
5,5,0.88636,455,456
1,34,0.6057100000000001,455,456
1,1,0.83436,456,457
34,1,0.068966,456,457
5,5,0.9171299999999999,456,457
1,34,0.066116,456,457
34,34,0.81553,456,457
1,1,0.91753,457,458
5,1,0.030302999999999997,457,458
34,1,0.065789,457,458
5,5,0.8275899999999999,457,458
5,19,0.21818,457,458
1,34,0.014925,457,458
5,34,0.028986,457,458
34,34,0.80435,457,458
5,52,0.07142899999999999,458,459
19,52,0.1,458,459
1,5,0.027027,458,459
5,5,0.68687,458,459
34,5,0.45679,458,459
1,1,0.8807299999999999,458,459
19,1,0.18462,458,459
52,1,0.052632000000000005,459,460
1,1,0.9285700000000001,459,460
52,5,0.016128999999999998,459,460
5,5,0.9159700000000001,459,460
1,1,0.8744200000000001,460,461
5,1,0.026667000000000003,460,461
1,5,0.028037,460,461
5,5,0.83036,460,461
5,38,0.22059,460,461
1,1,0.88785,461,462
38,1,0.048,461,462
1,5,0.009049799999999998,461,462
5,5,0.8909100000000001,461,462
5,38,0.017093999999999998,461,462
38,38,0.68966,461,462
1,5,0.0089686,462,463
5,5,0.90435,462,463
5,52,0.08264500000000001,462,463
1,1,0.60733,462,463
38,1,0.23158,462,463
1,1,0.51656,462,463
5,6,0.1203,463,464
52,6,0.25,463,464
5,1,0.04908,463,464
1,1,0.83516,463,464
52,1,0.047619,463,464
1,1,0.8695700000000001,463,464
1,1,0.049587,463,464
5,5,0.8703700000000001,463,464
6,1,0.29358,464,465
1,1,0.014388,464,465
1,1,0.76923,464,465
5,1,0.010417000000000001,464,465
1,1,0.6782600000000001,464,465
1,1,0.055172000000000006,464,465
5,1,0.20238,464,465
6,5,0.019417,464,465
1,5,0.075188,464,465
5,5,0.82796,464,465
1,1,0.84211,465,466
5,1,0.060605999999999986,465,466
1,5,0.031745999999999996,465,466
5,5,0.76389,465,466
1,1,0.066298,465,466
1,1,0.8280299999999999,465,466
5,1,0.14857,465,466
1,1,0.042781,466,467
5,1,0.12047999999999999,466,467
1,1,0.8731,466,467
5,5,0.44443999999999995,466,467
1,5,0.035713999999999996,466,467
1,1,0.73988,466,467
5,1,0.19737000000000002,466,467
5,1,0.084746,467,468
1,1,0.88889,467,468
1,1,0.9230799999999999,467,468
1,13,0.12,467,468
1,19,0.10255999999999996,467,468
5,19,0.25,467,468
1,1,0.8469399999999999,468,469
19,1,0.16364,468,469
1,1,0.048780000000000004,468,469
1,1,0.85714,468,469
13,1,0.12069,468,469
1,1,0.89286,469,470
1,1,0.90625,469,470
1,1,0.9392299999999999,470,471
1,1,0.89381,470,471
1,1,0.0098522,470,471
1,1,0.9259299999999999,471,472
1,4,0.05042,471,472
1,1,0.9142899999999999,471,472
1,23,0.1875,472,473
4,1,0.065934,472,473
1,1,0.8639100000000001,472,473
1,1,0.89423,472,473
1,4,0.049587,472,473
4,4,0.41667,472,473
23,23,0.47618999999999995,473,474
1,23,0.2087,473,474
1,23,0.014815,473,474
1,4,0.16129000000000002,473,474
1,4,0.027777999999999997,473,474
4,4,0.5614,473,474
1,1,0.91176,473,474
1,1,0.77941,473,474
1,28,0.22807,474,475
23,1,0.37584,474,475
1,1,0.6513800000000001,474,475
1,1,0.047059,474,475
4,4,0.74545,474,475
1,4,0.10588,474,475
1,4,0.14754,474,475
1,1,0.83516,474,475
1,1,0.87554,475,476
1,1,0.090909,475,476
1,55,0.23256,475,476
28,4,0.087719,475,476
1,4,0.027523000000000002,475,476
4,4,0.7882399999999999,475,476
1,4,0.2446,475,476
1,1,0.9058299999999999,476,477
55,1,0.017856999999999998,476,477
4,1,0.0096154,476,477
4,4,0.9045200000000001,476,477
1,1,0.93069,477,478
4,4,0.90722,477,478
1,1,0.9052600000000001,478,479
4,1,0.020942,478,479
4,4,0.90155,478,479
1,1,0.83249,479,480
4,1,0.020101,479,480
4,4,0.92553,479,480
1,1,0.91707,480,481
4,1,0.010309,480,481
4,4,0.8854200000000001,480,481
1,4,0.01005,481,482
4,4,0.90355,481,482
1,1,0.8910899999999999,481,482
1,79,0.039216,482,483
4,1,0.01005,482,483
1,1,0.90099,482,483
4,4,0.88205,482,483
1,1,0.9268299999999999,483,484
79,4,0.055046000000000005,483,484
4,4,0.86829,483,484
1,1,0.8358200000000001,484,485
4,1,0.039024,484,485
1,4,0.01,484,485
4,4,0.87255,484,485
1,4,0.051019999999999996,485,486
4,4,0.8,485,486
1,1,0.83,485,486
4,1,0.01005,485,486
1,1,0.89756,486,487
4,75,0.040404,486,487
4,4,0.875,486,487
1,4,0.010204000000000001,486,487
1,4,0.02,487,488
4,4,0.86911,487,488
1,1,0.8653799999999999,487,488
75,1,0.037736,487,488
1,1,0.76768,488,489
4,4,0.94845,488,489
1,4,0.009901,488,489
1,7,0.2623,488,489
4,4,0.87379,489,490
7,4,0.14286,489,490
1,1,0.91489,489,490
1,7,0.019417,489,490
7,7,0.51852,489,490
4,4,0.8333299999999999,490,491
7,4,0.11429,490,491
4,50,0.054054,490,491
1,42,0.020833,490,491
7,42,0.18182,490,491
4,1,0.010101,490,491
1,1,0.92391,490,491
4,4,0.8404299999999999,491,492
42,4,0.042553,491,492
50,1,0.0625,491,492
1,1,0.89617,491,492
1,1,0.8877,492,493
4,4,0.8342200000000001,492,493
1,1,0.86339,493,494
4,4,0.8973,493,494
4,4,0.86772,494,495
1,1,0.9555600000000001,494,495
1,77,0.083333,495,496
4,4,0.9282299999999999,495,496
1,1,0.92045,495,496
77,4,0.09615399999999999,496,497
4,4,0.7942600000000001,496,497
1,4,0.01087,496,497
4,1,0.020942,496,497
1,1,0.8433700000000001,496,497
4,8,0.28148,496,497
4,4,0.8811899999999999,497,498
1,4,0.01087,497,498
1,1,0.88889,497,498
4,8,0.059701,497,498
1,8,0.086207,497,498
8,8,0.73333,497,498
4,8,0.039474,498,499
1,8,0.099174,498,499
8,8,0.80952,498,499
4,4,0.86111,498,499
1,4,0.010811,498,499
1,1,0.8593799999999999,498,499
8,1,0.021978,498,499
1,55,0.27273000000000003,499,500
4,4,0.8986799999999999,499,500
1,4,0.011765000000000001,499,500
8,8,0.66667,499,500
4,8,0.019231,499,500
1,8,0.45033,499,500
55,4,0.11765,500,501
4,4,0.81667,500,501
4,8,0.02765,500,501
8,8,0.8484799999999999,500,501
4,4,0.88618,501,502
8,4,0.0089686,501,502
4,8,0.0087719,501,502
8,8,0.9268299999999999,501,502
4,76,0.06015,501,502
4,4,0.89344,502,503
8,4,0.008849600000000001,502,503
4,4,0.05848,502,503
8,4,0.3268,502,503
76,4,0.24138,502,503
8,8,0.77108,502,503
4,4,0.8,503,504
8,4,0.0375,503,504
8,8,0.64583,503,504
4,51,0.23776,503,504
4,4,0.039216,503,504
4,4,0.76336,503,504
8,4,0.30556,503,504
4,4,0.88,504,505
8,4,0.018018,504,505
4,8,0.12675999999999998,504,505
8,8,0.61538,504,505
4,4,0.01005,504,505
8,4,0.014815,504,505
51,4,0.2623,504,505
4,4,0.80874,504,505
4,27,0.20225,505,506
4,4,0.70103,505,506
8,4,0.4472,505,506
4,4,0.92537,505,506
27,27,0.52632,506,507
4,27,0.06451599999999999,506,507
4,4,0.92576,506,507
27,4,0.087719,506,507
4,4,0.8811899999999999,506,507
27,4,0.13953,507,508
4,4,0.017093999999999998,507,508
4,4,0.83929,507,508
4,55,0.089286,507,508
4,4,0.9140299999999999,507,508
4,4,0.91453,508,509
4,4,0.009049799999999998,508,509
55,4,0.09375,508,509
4,4,0.9163,508,509
4,28,0.28169,509,510
4,4,0.80556,509,510
4,4,0.9058299999999999,509,510
4,4,0.017467,509,510
28,28,0.59091,510,511
4,28,0.10169,510,511
4,4,0.89691,510,511
4,4,0.028986,510,511
28,4,0.046875,510,511
4,4,0.89302,510,511
4,4,0.9081600000000001,511,512
4,4,0.019608,511,512
28,4,0.22726999999999997,511,512
4,4,0.84259,511,512
4,4,0.8867,512,513
4,4,0.8601,512,513
4,4,0.0097561,512,513
4,20,0.11475,512,513
4,4,0.8913,513,514
4,4,0.019704,513,514
4,4,0.8195100000000001,513,514
20,4,0.18033,513,514
4,4,0.020101,514,515
4,4,0.8807299999999999,514,515
4,4,0.8216200000000001,514,515
4,58,0.02,514,515
4,58,0.084034,514,515
4,4,0.92381,515,516
4,4,0.018182,515,516
4,4,0.87379,515,516
58,4,0.13223,515,516
4,4,0.0096618,516,517
4,4,0.9124399999999999,516,517
4,4,0.8720399999999999,516,517
4,4,0.045249,516,517
4,55,0.038462,516,517
4,4,0.87156,517,518
4,4,0.018018,517,518
55,4,0.034783,517,518
4,4,0.0092166,517,518
4,4,0.8778299999999999,517,518
4,4,0.87336,518,519
4,4,0.017544,518,519
4,4,0.035088,518,519
4,4,0.9163,518,519
4,4,0.84388,519,520
4,4,0.016949000000000002,519,520
4,4,0.035088,519,520
4,4,0.86344,519,520
4,24,0.16667,520,521
4,4,0.77725,520,521
4,4,0.036697,520,521
4,4,0.84211,520,521
4,39,0.21053000000000002,520,521
4,39,0.15385,520,521
4,4,0.74038,521,522
4,4,0.037209,521,522
39,4,0.41611000000000004,521,522
24,4,0.29688000000000003,521,522
4,4,0.030769,521,522
4,4,0.78218,521,522
4,22,0.19549,522,523
4,4,0.029268000000000002,522,523
4,4,0.8333299999999999,522,523
4,4,0.8325799999999999,522,523
4,4,0.028845999999999997,522,523
22,4,0.24241999999999997,523,524
4,4,0.7602300000000001,523,524
4,4,0.053475999999999996,523,524
4,4,0.051813,523,524
4,4,0.85167,523,524
4,4,0.8695700000000001,524,525
4,4,0.8901700000000001,524,525
4,4,0.020513,524,525
4,4,0.8901100000000001,525,526
4,4,0.9154200000000001,525,526
4,4,0.90323,526,527
4,4,0.010362999999999999,526,527
4,4,0.010526,526,527
4,4,0.94416,526,527
4,4,0.9230799999999999,527,528
4,4,0.9285700000000001,527,528
4,4,0.91176,528,529
4,40,0.038095,528,529
4,4,0.88421,528,529
40,4,0.058824,529,530
4,4,0.9052600000000001,529,530
4,4,0.9178700000000001,529,530
4,4,0.85167,530,531
4,3,0.18487,530,531
4,4,0.94,530,531
4,4,0.0097087,530,531
4,4,0.8653799999999999,531,532
4,4,0.0097561,531,532
4,3,0.1374,531,532
3,3,0.53659,531,532
4,3,0.03125,531,532
4,51,0.038462,531,532
3,4,0.018349,531,532
4,4,0.87755,531,532
4,4,0.018182,532,533
3,4,0.32168,532,533
4,4,0.7962100000000001,532,533
4,4,0.8446600000000001,532,533
51,4,0.057142999999999985,532,533
4,4,0.030456999999999998,532,533
4,4,0.73118,533,534
4,4,0.0093897,533,534
4,4,0.8944700000000001,533,534
4,1,0.48193,533,534
4,1,0.026316000000000003,533,534
4,1,0.54082,534,535
4,1,0.053812,534,535
1,1,0.56818,534,535
4,4,0.035503,534,535
4,4,0.87755,534,535
1,1,0.8270000000000001,535,536
4,1,0.057142999999999985,535,536
1,14,0.20134000000000002,535,536
4,14,0.081967,535,536
4,4,0.86339,535,536
1,1,0.83019,536,537
4,1,0.032432,536,537
1,4,0.01005,536,537
14,4,0.37838,536,537
4,4,0.7209300000000001,536,537
4,63,0.2268,536,537
1,33,0.23621999999999999,536,537
14,33,0.05128200000000002,536,537
1,4,0.01,537,538
4,4,0.8235299999999999,537,538
33,4,0.2434800000000001,537,538
1,1,0.8972,537,538
4,1,0.029851,537,538
63,1,0.15872999999999998,537,538
4,4,0.83505,538,539
1,4,0.019231,538,539
4,1,0.02,538,539
1,1,0.8972,538,539
4,4,0.88649,539,540
4,1,0.040404,539,540
1,1,0.8921600000000001,539,540
1,52,0.15789,540,541
1,1,0.8808299999999999,540,541
4,4,0.9171299999999999,540,541
52,52,0.62069,541,542
4,52,0.055046000000000005,541,542
4,4,0.90909,541,542
1,1,0.9195399999999999,541,542
4,1,0.011173,542,543
1,1,0.9221600000000001,542,543
52,4,0.26471,542,543
4,4,0.80374,542,543
1,14,0.034187999999999996,543,544
4,14,0.35525999999999996,543,544
1,4,0.01087,543,544
4,4,0.73973,543,544
1,1,0.89941,543,544
14,1,0.39474000000000004,544,545
4,1,0.018265,544,545
1,1,0.67647,544,545
14,4,0.014706,544,545
4,4,0.87685,544,545
1,4,0.042553,544,545
1,1,0.67299,545,546
4,1,0.010256,545,546
1,1,0.35862,545,546
1,4,0.037209,545,546
4,4,0.8944700000000001,545,546
1,1,0.9052600000000001,546,547
1,4,0.017699,546,547
4,4,0.92896,546,547
1,1,0.017699,546,547
1,1,0.68085,546,547
4,4,0.87179,547,548
1,4,0.022222,547,548
4,1,0.034783,547,548
1,1,0.73469,547,548
1,1,0.96875,547,548
4,4,0.75862,548,549
4,1,0.21739,548,549
1,1,0.5979399999999999,548,549
4,1,0.035294,548,549
1,1,0.89231,548,549
4,1,0.15385,549,550
1,1,0.8684200000000001,549,550
4,4,0.58824,549,550
4,1,0.070423,549,550
1,1,0.88776,549,550
4,1,0.125,550,551
1,1,0.8817200000000001,550,551
1,1,0.89535,550,551
4,1,0.018182,550,551
4,4,0.5625,550,551
1,1,0.88764,551,552
1,1,0.86667,551,552
4,1,0.18,551,552
1,1,0.9112399999999999,552,553
1,1,0.95699,552,553
1,1,0.9079799999999999,553,554
1,1,0.9246200000000001,553,554
1,55,0.046512,554,555
1,1,0.8622799999999999,554,555
1,1,0.9372,554,555
1,1,0.88344,555,556
55,1,0.036364,555,556
1,1,0.93396,555,556
1,20,0.12069,556,557
1,1,0.9024399999999999,556,557
1,1,0.8815200000000001,556,557
20,1,0.06349199999999999,557,558
1,1,0.5949399999999999,557,558
1,1,0.60116,557,558
20,1,0.11538,557,558
1,1,0.85556,557,558
1,1,0.01005,557,558
1,1,0.23171,558,559
1,1,0.74146,558,559
1,1,0.70229,558,559
1,1,0.063694,558,559
1,1,0.44,558,559
1,1,0.4,558,559
1,1,0.6137600000000001,559,560
1,1,0.096,559,560
1,1,0.018182,559,560
1,1,0.7093,559,560
1,1,0.42308,559,560
1,19,0.53333,559,560
1,19,0.037736,560,561
19,19,0.65672,560,561
1,1,0.8660700000000001,560,561
19,1,0.051948,560,561
1,1,0.81081,560,561
1,1,0.092593,560,561
19,1,0.13699,560,561
1,1,0.28169,561,562
1,1,0.044775999999999996,561,562
19,1,0.3,561,562
1,1,0.72247,561,562
1,1,0.0092166,561,562
1,1,0.94737,561,562
1,1,0.66667,562,563
1,1,0.125,562,563
1,1,0.04,562,563
1,1,0.04918,562,563
1,1,0.8731,562,563
1,1,0.8675799999999999,562,563
1,1,0.0095694,562,563
1,1,0.020725,563,564
1,1,0.86829,563,564
1,1,0.32468,563,564
1,1,0.8258700000000001,563,564
1,1,0.51948,563,564
1,1,0.016128999999999998,563,564
1,1,0.10294,563,564
1,1,0.028169,564,565
1,1,0.06666699999999999,564,565
1,1,0.68493,564,565
1,1,0.8844200000000001,564,565
1,1,0.04918,564,565
1,1,0.8955200000000001,564,565
1,1,0.019139,564,565
1,1,0.074866,565,566
1,1,0.81218,565,566
1,1,0.6087,565,566
1,1,0.028369,565,566
1,1,0.13245,565,566
1,1,0.19672,565,566
1,1,0.79532,565,566
1,68,0.23913,566,567
1,15,0.11538,566,567
1,15,0.034483,566,567
1,1,0.8102600000000001,566,567
1,1,0.11173,566,567
1,1,0.63636,566,567
1,1,0.5,566,567
15,1,0.11765,567,568
1,1,0.89302,567,568
68,1,0.15929000000000001,567,568
1,1,0.87,567,568
1,64,0.058824,567,568
1,1,0.0095238,568,569
1,1,0.81,568,569
1,1,0.8708100000000001,568,569
64,1,0.059405999999999994,568,569
1,47,0.18018,568,569
1,50,0.16529000000000002,568,569
1,47,0.17544,569,570
47,47,0.32,569,570
1,50,0.038835,569,570
50,50,0.4,569,570
1,1,0.86911,569,570
50,1,0.058824,569,570
1,1,0.86139,569,570
47,1,0.070175,569,570
50,1,0.09174299999999999,570,571
1,1,0.87755,570,571
1,1,0.0096154,570,571
47,1,0.16541,570,571
1,1,0.8648600000000001,570,571
1,1,0.9098700000000001,571,572
1,1,0.92453,571,572
1,1,0.026549,571,572
1,60,0.30657,572,573
1,1,0.0087719,572,573
1,1,0.9140299999999999,572,573
1,1,0.77885,572,573
1,1,0.009950200000000001,572,573
60,64,0.16667,573,574
60,1,0.22535,573,574
1,1,0.8412,573,574
60,1,0.017856999999999998,573,574
1,1,0.0098522,573,574
1,1,0.9071,573,574
1,53,0.095238,574,575
1,1,0.036036,574,575
1,1,0.8125,574,575
64,1,0.033898000000000005,574,575
1,1,0.85593,574,575
1,1,0.038835,574,575
1,1,0.8216200000000001,575,576
1,1,0.75936,575,576
1,3,0.18919,575,576
1,3,0.28395,575,576
53,53,0.48,575,576
1,53,0.066116,575,576
1,53,0.05925900000000001,575,576
1,1,0.875,576,577
3,1,0.019417,576,577
1,1,0.71958,576,577
1,1,0.067797,576,577
53,1,0.304,576,577
1,3,0.096552,576,577
1,3,0.030075,576,577
3,3,0.8333299999999999,576,577
1,1,0.075,577,578
1,1,0.80383,577,578
1,1,0.60241,577,578
3,1,0.022727,577,578
1,3,0.1295,577,578
1,3,0.06383,577,578
3,3,0.81944,577,578
1,1,0.85845,578,579
1,1,0.26761,578,579
1,3,0.049587,578,579
3,3,0.89266,578,579
3,3,0.91489,579,580
1,1,0.9230799999999999,579,580
1,1,0.9268299999999999,580,581
3,3,0.89474,580,581
1,3,0.009901,580,581
1,1,0.9447200000000001,581,582
3,3,0.9,581,582
1,1,0.8481700000000001,582,583
3,1,0.010256,582,583
3,3,0.9302299999999999,582,583
1,65,0.081633,583,584
3,65,0.016949000000000002,583,584
1,1,0.81915,583,584
3,1,0.028845999999999997,583,584
3,3,0.88679,583,584
65,3,0.10811,584,585
3,3,0.85854,584,585
1,13,0.078431,584,585
1,1,0.8377,584,585
3,1,0.05128200000000002,584,585
3,42,0.15652,585,586
3,1,0.020101,585,586
1,1,0.87831,585,586
3,3,0.83568,585,586
13,3,0.10525999999999999,585,586
1,3,0.0098522,585,586
42,1,0.078431,586,587
1,1,0.8817200000000001,586,587
3,3,0.8761899999999999,586,587
42,42,0.35714,586,587
3,42,0.14286,586,587
1,38,0.10101,587,588
1,3,0.010152,587,588
3,3,0.8695700000000001,587,588
1,1,0.77,587,588
3,1,0.047619,587,588
42,1,0.25397,587,588
3,1,0.10572999999999999,588,589
1,1,0.8695700000000001,588,589
38,3,0.09009,588,589
3,3,0.80383,588,589
1,3,0.009434,588,589
1,1,0.87554,589,590
3,1,0.027906999999999998,589,590
1,3,0.035242,589,590
3,3,0.83254,589,590
1,1,0.90991,590,591
3,1,0.027777999999999997,590,591
1,3,0.009434,590,591
3,3,0.8446600000000001,590,591
1,3,0.046083,591,592
3,3,0.8405799999999999,591,592
1,1,0.8899100000000001,591,592
3,66,0.038835,591,592
3,1,0.0091324,592,593
1,1,0.90909,592,593
66,1,0.034783,592,593
3,3,0.93069,592,593
1,3,0.0097561,593,594
3,3,0.9042600000000001,593,594
1,1,0.73469,593,594
3,48,0.08,593,594
1,32,0.44595,593,594
1,1,0.83616,594,595
48,1,0.061224,594,595
32,1,0.077519,594,595
3,3,0.8258700000000001,594,595
32,3,0.16667,594,595
1,32,0.10203999999999999,594,595
32,32,0.4,594,595
32,32,0.5,595,596
3,3,0.84906,595,596
32,3,0.084746,595,596
1,1,0.88421,595,596
32,1,0.018018,595,596
32,3,0.080808,596,597
3,3,0.8629399999999999,596,597
1,1,0.9071,596,597
3,3,0.89474,597,598
1,1,0.9195399999999999,597,598
1,1,0.8988799999999999,598,599
3,3,0.9214700000000001,598,599
1,1,0.92737,599,600
3,3,0.91979,599,600
3,3,0.9326399999999999,600,601
1,5,0.14432999999999999,600,601
1,1,0.85405,600,601
3,11,0.093458,601,602
3,5,0.016529,601,602
5,5,0.62069,601,602
1,5,0.034187999999999996,601,602
1,1,0.94301,601,602
3,3,0.91089,601,602
11,1,0.11765,602,603
1,1,0.8541700000000001,602,603
3,3,0.90323,602,603
5,5,0.5128199999999999,602,603
1,5,0.15584,602,603
3,5,0.10063,602,603
1,5,0.012121,603,604
3,5,0.077922,603,604
5,5,0.8661399999999999,603,604
1,1,0.81106,603,604
3,1,0.14562999999999998,603,604
5,1,0.011173,603,604
3,3,0.7619,603,604
5,3,0.033333,603,604
5,25,0.17094,604,605
1,25,0.3787,604,605
5,5,0.78146,604,605
3,5,0.31944,604,605
1,1,0.66946,604,605
3,1,0.28889000000000004,604,605
5,1,0.049505,605,606
1,1,0.86555,605,606
25,5,0.1129,605,606
5,5,0.8734200000000001,605,606
25,25,0.80412,605,606
5,25,0.06106900000000001,605,606
1,25,0.035927999999999995,605,606
1,5,0.058091,606,607
5,5,0.58883,606,607
25,5,0.56471,606,607
1,1,0.90164,606,607
5,1,0.09,606,607
5,43,0.094488,607,608
5,1,0.0084388,607,608
1,1,0.90833,607,608
5,5,0.90749,607,608
1,5,0.017391,607,608
43,1,0.10084,608,609
1,1,0.8646299999999999,608,609
1,38,0.05,608,609
1,5,0.019048,608,609
5,5,0.89,608,609
1,1,0.9422200000000001,609,610
5,1,0.0097087,609,610
38,5,0.085106,609,610
5,5,0.82609,609,610
5,34,0.13462000000000002,609,610
1,1,0.8255299999999999,610,611
34,1,0.15037999999999999,610,611
5,5,0.9347799999999999,610,611
1,47,0.13333,610,611
1,1,0.86087,611,612
1,23,0.18571,611,612
47,23,0.16,611,612
1,5,0.018433,611,612
5,5,0.85106,611,612
47,5,0.11765,611,612
5,50,0.10101,611,612
1,5,0.049505,612,613
23,5,0.21429,612,613
5,5,0.6984100000000001,612,613
1,1,0.83654,612,613
50,1,0.075472,612,613
5,51,0.22641999999999998,612,613
1,1,0.8803799999999999,613,614
51,1,0.1,613,614
5,5,0.90217,613,614
1,5,0.010526,613,614
1,1,0.93458,614,615
5,1,0.010256,614,615
5,5,0.93989,614,615
1,6,0.10435,615,616
1,1,0.87736,615,616
5,1,0.01,615,616
5,5,0.93814,615,616
5,5,0.9042600000000001,616,617
6,6,0.3913,616,617
1,6,0.12587,616,617
5,6,0.10219,616,617
1,1,0.86667,616,617
5,1,0.019704,617,618
1,1,0.87671,617,618
5,5,0.65152,617,618
5,6,0.41916000000000003,617,618
6,6,0.63793,617,618
1,6,0.010929000000000001,617,618
1,6,0.13462000000000002,618,619
5,6,0.014599,618,619
6,6,0.8488399999999999,618,619
5,5,0.71053,618,619
6,5,0.072072,618,619
1,1,0.81818,618,619
5,1,0.14765,618,619
5,5,0.42857,619,620
5,1,0.19047999999999998,619,620
1,1,0.84545,619,620
6,6,0.8958299999999999,619,620
5,6,0.015267,619,620
1,6,0.0098039,619,620
1,6,0.0093023,620,621
6,6,0.9547700000000001,620,621
5,1,0.06557400000000001,620,621
1,1,0.87225,620,621
6,1,0.018956999999999998,620,621
1,17,0.32836,621,622
6,1,0.010471,621,622
1,1,0.78818,621,622
6,6,0.9648200000000001,621,622
17,6,0.22059,622,623
6,6,0.8450700000000001,622,623
17,1,0.016128999999999998,622,623
1,1,0.8704700000000001,622,623
6,1,0.039800999999999996,622,623
6,6,0.9041100000000001,623,624
6,1,0.0625,623,624
1,1,0.86792,623,624
1,1,0.90909,624,625
1,25,0.14286,624,625
6,6,0.92381,624,625
25,6,0.23358,625,626
6,6,0.77876,625,626
1,1,0.90909,625,626
6,1,0.046512,625,626
6,6,0.71287,626,627
1,27,0.20800000000000002,626,627
6,17,0.42945,626,627
1,17,0.039474,626,627
6,1,0.018692,626,627
1,1,0.867,626,627
17,17,0.72941,627,628
1,17,0.08823500000000001,627,628
17,1,0.033898000000000005,627,628
1,1,0.8639100000000001,627,628
6,6,0.84444,627,628
27,6,0.22807,627,628
1,6,0.020833,627,628
17,1,0.49398000000000003,628,629
1,1,0.66332,628,629
6,1,0.009009,628,629
1,6,0.046243,628,629
6,6,0.83673,628,629
6,23,0.18349000000000001,628,629
1,6,0.069565,629,630
6,6,0.8921600000000001,629,630
1,1,0.8821,629,630
23,1,0.017241,629,630
6,23,0.018692,629,630
23,23,0.7,629,630
6,6,0.9230799999999999,630,631
6,1,0.018265,630,631
1,1,0.84404,630,631
23,1,0.16393,630,631
6,21,0.017093999999999998,630,631
1,21,0.12069,630,631
6,15,0.27869,631,632
6,6,0.78173,631,632
21,6,0.15094000000000002,631,632
6,1,0.035874,631,632
1,1,0.9230799999999999,631,632
6,6,0.7912100000000001,632,633
1,6,0.019231,632,633
15,1,0.22034,632,633
1,1,0.7032,632,633
1,17,0.475,632,633
15,27,0.25532,632,633
6,27,0.29508,632,633
6,6,0.74227,633,634
1,6,0.0097561,633,634
17,6,0.36985999999999997,633,634
1,1,0.89623,633,634
17,1,0.013072,633,634
27,1,0.17021,633,634
6,75,0.12903,633,634
27,75,0.060605999999999986,633,634
6,6,0.89655,634,635
1,6,0.0095238,634,635
1,1,0.9279299999999999,634,635
75,1,0.017544,634,635
6,6,0.87755,635,636
1,1,0.95775,635,636
1,1,0.92381,636,637
6,6,0.91866,636,637
1,6,0.0093458,636,637
1,1,0.94686,637,638
6,6,0.89202,637,638
1,53,0.19297999999999998,638,639
1,6,0.028436000000000006,638,639
6,6,0.9108,638,639
1,1,0.80628,638,639
1,1,0.875,639,640
53,6,0.077519,639,640
6,6,0.9292,639,640
1,6,0.0097087,639,640
1,35,0.12766,639,640
1,6,0.01005,640,641
6,6,0.8296899999999999,640,641
35,6,0.06837599999999999,640,641
6,36,0.16923,640,641
1,1,0.88095,640,641
6,1,0.010101,640,641
6,36,0.033333,641,642
36,36,0.66667,641,642
36,1,0.0625,641,642
1,1,0.87805,641,642
6,6,0.87225,641,642
1,6,0.010204000000000001,641,642
1,6,0.010101,642,643
6,6,0.8869600000000001,642,643
36,1,0.15385,642,643
1,1,0.87151,642,643
36,43,0.14286,642,643
6,43,0.066116,642,643
1,11,0.49231,643,644
6,1,0.082051,643,644
1,1,0.61364,643,644
43,1,0.11628,643,644
6,6,0.85345,643,644
1,6,0.037558999999999995,643,644
6,6,0.7551,644,645
11,11,0.64444,644,645
1,11,0.014706,644,645
6,11,0.17340999999999998,644,645
6,3,0.22555999999999998,644,645
11,1,0.0625,644,645
1,1,0.8850600000000001,644,645
6,1,0.009478700000000001,644,645
6,11,0.56566,645,646
11,11,0.6057100000000001,645,646
1,11,0.018779,645,646
3,1,0.018868,645,646
1,1,0.90217,645,646
6,3,0.23853000000000002,645,646
3,3,0.52174,645,646
1,3,0.016128999999999998,645,646
1,46,0.29091,646,647
11,3,0.07194199999999999,646,647
3,3,0.48,646,647
11,11,0.90517,646,647
1,1,0.7486,646,647
3,1,0.2521,646,647
46,46,0.6451600000000001,647,648
1,46,0.02,647,648
46,11,0.10687,647,648
11,11,0.90179,647,648
3,1,0.27642,647,648
1,1,0.8645799999999999,647,648
1,37,0.10909,648,649
1,1,0.8736799999999999,648,649
46,11,0.1746,648,649
11,11,0.90265,648,649
1,11,0.0091743,648,649
11,11,0.9321299999999999,649,650
37,37,0.8,649,650
1,1,0.8222200000000001,649,650
11,1,0.019231,649,650
11,1,0.0098522,650,651
1,1,0.89474,650,651
11,11,0.91509,650,651
37,11,0.036697,650,651
11,4,0.016666999999999998,650,651
37,4,0.23529,650,651
1,4,0.074766,650,651
11,11,0.8761899999999999,651,652
4,11,0.11864000000000001,651,652
1,1,0.90625,651,652
11,1,0.009950200000000001,651,652
1,4,0.08547,651,652
4,4,0.35294000000000003,651,652
11,11,0.46808999999999995,652,653
1,1,0.8829799999999999,652,653
1,8,0.12844,652,653
4,8,0.23529,652,653
11,4,0.5989800000000001,652,653
4,4,0.30088000000000004,652,653
11,11,0.71233,653,654
11,4,0.040541,653,654
1,4,0.029412,653,654
8,4,0.17600000000000002,653,654
4,4,0.86275,653,654
11,1,0.059701,653,654
1,1,0.88421,653,654
8,1,0.036036,653,654
11,1,0.4375,654,655
4,1,0.042553,654,655
1,1,0.62443,654,655
4,4,0.825,654,655
1,4,0.14159000000000002,654,655
1,4,0.0082988,655,656
4,4,0.89431,655,656
1,25,0.15942,655,656
1,1,0.8487399999999999,655,656
4,1,0.032922,655,656
1,1,0.96996,656,657
4,4,0.8395100000000001,656,657
25,4,0.17143,656,657
1,1,0.9310299999999999,657,658
4,1,0.008368200000000001,657,658
1,4,0.017241,657,658
4,4,0.9288700000000001,657,658
1,57,0.034483,658,659
1,1,0.9132399999999999,658,659
4,1,0.018265,658,659
4,38,0.19047999999999998,658,659
4,4,0.84211,658,659
1,1,0.90099,659,660
38,1,0.018349,659,660
38,38,0.64,659,660
4,38,0.055555999999999994,659,660
57,4,0.040816000000000005,659,660
4,4,0.9005200000000001,659,660
1,1,0.65193,660,661
38,1,0.24741999999999997,660,661
4,1,0.033333,660,661
1,44,0.33898,660,661
1,4,0.031745999999999996,660,661
4,4,0.8936200000000001,660,661
1,1,0.8520700000000001,661,662
4,1,0.011299,661,662
44,4,0.10714000000000001,661,662
4,4,0.8743200000000001,661,662
1,44,0.081633,661,662
44,44,0.45714,661,662
1,1,0.86364,662,663
1,29,0.16327,662,663
44,29,0.2963,662,663
4,4,0.86631,662,663
44,4,0.14545,662,663
4,28,0.079208,662,663
1,1,0.90805,663,664
1,28,0.033058,663,664
4,28,0.12697999999999998,663,664
28,28,0.5,663,664
29,4,0.057142999999999985,663,664
4,4,0.8297899999999999,663,664
1,29,0.056075,663,664
29,29,0.62069,663,664
1,29,0.052632000000000005,664,665
4,29,0.081301,664,665
29,29,0.6383,664,665
1,1,0.8695700000000001,664,665
28,1,0.11110999999999999,664,665
4,4,0.82955,664,665
29,4,0.02,664,665
1,28,0.033898000000000005,664,665
28,28,0.7076899999999999,664,665
4,28,0.12598,664,665
1,1,0.71134,665,666
4,1,0.02,665,666
28,1,0.45033,665,666
29,4,0.41611000000000004,665,666
1,4,0.010204000000000001,665,666
4,4,0.7623800000000001,665,666
1,1,0.9083,666,667
4,1,0.008657999999999999,666,667
4,4,0.85455,666,667
1,14,0.14400000000000002,666,667
4,35,0.19549,666,667
1,4,0.009009,667,668
4,4,0.86256,667,668
14,4,0.15254,667,668
1,1,0.86,667,668
1,35,0.20407999999999998,667,668
35,35,0.53061,667,668
1,1,0.69903,668,669
35,1,0.44443999999999995,668,669
4,4,0.8952399999999999,668,669
1,1,0.9058299999999999,669,670
1,43,0.20740999999999998,669,670
4,71,0.019048,669,670
4,4,0.9128200000000001,669,670
1,1,0.90323,670,671
71,1,0.06837599999999999,670,671
4,1,0.0096618,670,671
1,4,0.0093458,670,671
43,4,0.22221999999999997,670,671
4,4,0.80392,670,671
4,4,0.90141,671,672
1,70,0.192,671,672
1,1,0.81481,671,672
4,1,0.018779,671,672
4,4,0.81308,672,673
70,4,0.1626,672,673
4,1,0.019139,672,673
1,1,0.83254,672,673
4,44,0.056075,672,673
1,58,0.092593,672,673
4,4,0.88889,673,674
58,4,0.067227,673,674
4,1,0.026549,673,674
1,1,0.8778299999999999,673,674
44,1,0.05042,673,674
1,1,0.8952399999999999,674,675
4,46,0.034483,674,675
4,4,0.89286,674,675
1,4,0.026667000000000003,674,675
1,1,0.8617,675,676
46,1,0.042105000000000004,675,676
4,4,0.88889,675,676
1,4,0.019512,676,677
4,4,0.8899100000000001,676,677
1,1,0.91753,676,677
4,4,0.83962,677,678
1,4,0.0199,677,678
1,1,0.8,677,678
4,22,0.18898,677,678
4,24,0.057691999999999986,678,679
22,24,0.10525999999999999,678,679
4,4,0.89899,678,679
1,4,0.020305,678,679
22,4,0.017699,678,679
1,1,0.82126,678,679
22,1,0.14634,678,679
1,7,0.23256,679,680
24,1,0.058252,679,680
4,1,0.020305,679,680
1,1,0.82126,679,680
4,4,0.9119200000000001,679,680
7,7,0.5090899999999999,680,681
1,7,0.22555999999999998,680,681
1,1,0.8102600000000001,680,681
4,1,0.031414,680,681
7,4,0.083333,680,681
4,4,0.8866,680,681
7,7,0.62651,681,682
1,7,0.11034000000000001,681,682
4,7,0.013513999999999998,681,682
7,4,0.096,681,682
4,4,0.8736799999999999,681,682
7,1,0.015267,681,682
1,1,0.8808299999999999,681,682
4,1,0.030612,681,682
7,4,0.50562,682,683
4,4,0.62727,682,683
1,4,0.026549,682,683
7,1,0.01227,682,683
4,1,0.07804900000000001,682,683
1,1,0.86256,682,683
4,32,0.045113,683,684
4,1,0.024896,683,684
1,1,0.90265,683,684
4,4,0.91286,683,684
32,1,0.072727,684,685
1,1,0.8899100000000001,684,685
4,1,0.018349,684,685
4,4,0.9252299999999999,684,685
1,62,0.018349,685,686
4,4,0.9223299999999999,685,686
1,1,0.89202,685,686
62,4,0.050847,686,687
4,4,0.8675799999999999,686,687
1,4,0.036036,686,687
1,1,0.91943,686,687
1,1,0.89655,687,688
4,67,0.04918,687,688
1,67,0.054054,687,688
4,4,0.91228,687,688
1,5,0.12174000000000001,688,689
67,5,0.17390999999999998,688,689
4,5,0.015503999999999999,688,689
1,1,0.89474,688,689
67,4,0.06,688,689
4,4,0.7961199999999999,688,689
4,8,0.26277,688,689
1,1,0.81481,689,690
5,5,0.7368399999999999,689,690
5,4,0.016949000000000002,689,690
4,4,0.9128200000000001,689,690
1,8,0.24241999999999997,689,690
4,8,0.029851,689,690
8,8,0.58462,689,690
1,1,0.74074,690,691
5,1,0.11628,690,691
8,1,0.019048,690,691
5,5,0.36559,690,691
4,5,0.57803,690,691
1,8,0.23529,690,691
4,8,0.035927999999999995,690,691
8,8,0.7169800000000001,690,691
4,4,0.57143,690,691
8,4,0.046512,690,691
1,5,0.014815,691,692
5,5,0.76056,691,692
4,5,0.27586,691,692
1,1,0.8227,691,692
5,1,0.12162,691,692
8,1,0.014085,691,692
5,8,0.012821,691,692
8,8,0.76,691,692
4,8,0.29231,691,692
5,1,0.33149,692,693
1,1,0.78075,692,693
8,1,0.010256,692,693
5,8,0.19876,692,693
8,8,0.82286,692,693
1,8,0.01005,693,694
8,8,0.8826799999999999,693,694
1,1,0.94931,693,694
1,43,0.035713999999999996,693,694
8,8,0.9180299999999999,694,695
43,8,0.041667,694,695
1,1,0.9537,694,695
8,1,0.010101,695,696
1,1,0.9389700000000001,695,696
8,8,0.8770100000000001,695,696
1,40,0.10435,695,696
8,6,0.13860999999999998,695,696
1,6,0.22535,696,697
8,6,0.045801999999999995,696,697
6,6,0.31111,696,697
8,8,0.8808299999999999,696,697
40,8,0.09434,696,697
1,1,0.88421,696,697
40,1,0.021738999999999998,696,697
6,1,0.040404,697,698
1,1,0.80272,697,698
6,6,0.56693,697,698
8,6,0.25397,697,698
1,6,0.091429,697,698
8,8,0.75936,697,698
1,8,0.13873,697,698
1,8,0.028169,698,699
8,8,0.9285700000000001,698,699
1,6,0.024691,698,699
6,6,0.86316,698,699
8,6,0.053190999999999995,698,699
1,1,0.77064,698,699
6,1,0.014599,698,699
8,8,0.85135,699,700
1,8,0.069565,699,700
8,6,0.050505,699,700
6,6,0.8990799999999999,699,700
1,6,0.036364,699,700
8,1,0.048,699,700
1,1,0.63043,699,700
8,8,0.68852,700,701
1,8,0.525,700,701
8,6,0.010753,700,701
6,6,0.9322,700,701
6,42,0.016807,700,701
1,42,0.043477999999999996,700,701
8,8,0.9149799999999999,701,702
42,8,0.015038,701,702
6,6,0.96667,701,702
42,6,0.01626,701,702
8,8,0.775,702,703
6,8,0.0086957,702,703
6,6,0.92576,702,703
8,12,0.39105999999999996,702,703
6,12,0.11834000000000001,702,703
8,6,0.0125,703,704
6,6,0.62893,703,704
6,6,0.5283,703,704
12,6,0.040404,703,704
8,8,0.8803799999999999,703,704
6,8,0.038462,703,704
12,8,0.013513999999999998,703,704
8,12,0.073171,703,704
6,12,0.01227,703,704
12,12,0.87379,703,704
6,6,0.53846,704,705
6,6,0.42308,704,705
6,8,0.24561,704,705
8,8,0.80909,704,705
12,8,0.022857,704,705
6,12,0.32258000000000003,704,705
8,12,0.011561,704,705
12,12,0.79688,704,705
6,8,0.024242,705,706
8,8,0.8879299999999999,705,706
12,8,0.021622,705,706
6,12,0.49696999999999997,705,706
8,12,0.017241,705,706
12,12,0.7027,705,706
8,12,0.0091743,706,707
12,12,0.92661,706,707
8,8,0.87387,706,707
12,8,0.027027,706,707
12,12,0.9181799999999999,707,708
8,12,0.0089286,707,708
12,8,0.0098522,707,708
8,8,0.9082100000000001,707,708
8,8,0.9361700000000001,708,709
12,12,0.88889,708,709
8,8,0.91525,709,710
12,12,0.94595,709,710
8,8,0.8685700000000001,710,711
8,12,0.068966,710,711
12,12,0.89474,710,711
8,12,0.0199,711,712
12,12,0.9345,711,712
8,8,0.9101100000000001,711,712
12,8,0.019417,711,712
8,8,0.92655,712,713
12,12,0.8202799999999999,712,713
8,12,0.010309,712,713
12,50,0.1626,712,713
8,8,0.86339,713,714
50,8,0.15094000000000002,713,714
8,22,0.065217,713,714
12,12,0.85845,713,714
8,8,0.91579,714,715
12,8,0.0095694,714,715
8,12,0.009049799999999998,714,715
22,12,0.061538,714,715
12,12,0.86667,714,715
8,8,0.9270799999999999,715,716
12,12,0.93548,715,716
12,57,0.061538,715,716
8,12,0.061403999999999986,716,717
12,12,0.9011899999999999,716,717
8,8,0.83505,716,717
57,8,0.079208,716,717
12,12,0.76415,717,718
12,2,0.36364,717,718
8,2,0.11765,717,718
12,12,0.16867000000000001,717,718
8,12,0.15152000000000002,717,718
8,8,0.8427,717,718
12,12,0.67974,718,719
2,12,0.046875,718,719
12,12,0.29907,718,719
12,8,0.010929000000000001,718,719
12,8,0.27737,718,719
8,8,0.77596,718,719
12,2,0.20359000000000002,718,719
2,2,0.70423,718,719
8,2,0.07185599999999999,718,719
8,8,0.47058999999999995,719,720
12,2,0.084848,719,720
8,2,0.010256,719,720
2,2,0.86034,719,720
12,12,0.56497,719,720
8,12,0.46376999999999996,719,720
8,2,0.32116999999999996,720,721
2,2,0.73469,720,721
2,12,0.050761,720,721
12,12,0.8708100000000001,720,721
12,28,0.018868,721,722
2,12,0.0096154,721,722
12,12,0.9378,721,722
2,2,0.87923,721,722
12,12,0.9230799999999999,722,723
28,2,0.037736,722,723
12,2,0.0095694,722,723
2,2,0.91346,722,723
2,2,0.9162600000000001,723,724
12,12,0.96552,723,724
2,2,0.94,724,725
12,12,0.9547700000000001,724,725
2,68,0.019231,725,726
2,2,0.9282299999999999,725,726
12,12,0.90909,725,726
2,2,0.90179,726,727
68,12,0.057691999999999986,726,727
12,12,0.87,726,727
12,12,0.8846200000000001,727,728
2,2,0.28986,727,728
2,2,0.78505,727,728
12,2,0.22221999999999997,728,729
2,2,0.48836999999999997,728,729
2,2,0.024691,728,729
12,12,0.80214,728,729
12,2,0.065728,728,729
2,2,0.86275,728,729
2,2,0.6514300000000001,729,730
12,2,0.30366,729,730
2,2,0.046083,729,730
12,15,0.26087,729,730
12,2,0.27551,729,730
2,2,0.77477,729,730
2,2,0.92727,730,731
2,2,0.0088889,730,731
2,62,0.128,730,731
15,2,0.17600000000000002,730,731
2,2,0.8296899999999999,730,731
2,2,0.9124399999999999,731,732
62,2,0.06837599999999999,731,732
2,2,0.93578,731,732
2,2,0.93596,732,733
2,2,0.9483600000000001,732,733
2,2,0.92063,733,734
2,2,0.90196,733,734
2,2,0.92784,734,735
2,56,0.039604,734,735
2,2,0.87356,734,735
56,2,0.044944,735,736
2,2,0.88235,735,736
2,2,0.88421,735,736
2,2,0.011236,735,736
2,2,0.9145700000000001,736,737
2,2,0.92737,736,737
2,1,0.29921,737,738
2,2,0.8484799999999999,737,738
2,2,0.9333299999999999,737,738
1,2,0.19047999999999998,738,739
2,2,0.8272299999999999,738,739
1,1,0.34043,738,739
2,1,0.25424,738,739
1,2,0.034483,738,739
2,2,0.80214,738,739
2,2,0.01105,738,739
2,2,0.72941,739,740
1,2,0.021978,739,740
2,1,0.084507,739,740
1,1,0.6984100000000001,739,740
2,1,0.10605999999999999,739,740
2,4,0.34920999999999996,739,740
2,4,0.017241,739,740
2,2,0.010471,739,740
2,2,0.83978,739,740
2,2,0.011429,740,741
4,2,0.29008,740,741
2,2,0.80612,740,741
2,47,0.25974,740,741
2,2,0.6125,740,741
1,2,0.54545,740,741
2,2,0.022099,740,741
2,2,0.8909999999999999,741,742
47,2,0.088496,741,742
2,2,0.009901,741,742
47,2,0.057691999999999986,741,742
2,2,0.90909,741,742
2,2,0.91943,742,743
2,2,0.019802,742,743
2,2,0.01005,742,743
2,2,0.8736799999999999,742,743
2,2,0.9045200000000001,743,744
2,2,0.88889,743,744
2,2,0.9045200000000001,744,745
2,2,0.91753,744,745
2,2,0.92632,745,746
2,2,0.9189200000000001,745,746
